Ticker,Short Name,Curr Adj Mkt Cap,Mrkt Cap Sum,Weight,EV,% Women on Bd,UN Glob Comp Sign,GHG Scp 1 Est,ESG Score,GICS Ind Name,GICS Sector,Cntry Terrtry Of Rsk
Median,,,47276303.96,0.0007,41978.06,33.333,--,81.274,4.85,--,Inf,--
SPX,S&P 500 INDEX,#N/A N/A,47276303.96,#ERROR,5593.981205,#N/A Field Not Applicable,#N/A Field Not Applicable,#N/A Field Not Applicable,#N/A Field Not Applicable,#N/A N/A,#N/A N/A,#N/A Field Not Applicable
A UN,AGILENT TECH INC,40356.64316,47276303.96,0.0009,41163.64316,27.27269936,#N/A N/A,12.362,6.860000134,Life Sciences Tools & Services,Health Care,US
AAL UW,AMERICAN AIRLINE,8865.277561,47276303.96,0.0002,40625.27756,#N/A N/A,#N/A N/A,34403.212,5.550000191,Passenger Airlines,Industrials,US
AAPL UW,APPLE INC,2681868.683,47276303.96,0.0567,2617333.683,33.33330154,#N/A N/A,58.636,6.010000229,"Technology Hardware, Storage &",Information Technology,US
ABBV UN,ABBVIE INC,287163.5277,47276303.96,0.0061,334670.5277,30.76919937,#N/A N/A,324.036,4.829999924,Biotechnology,Health Care,US
ABNB UW,AIRBNB INC-A,103174.4615,47276303.96,0.0022,95407.46147,22.22220039,#N/A N/A,1.74,2.609999895,"Hotels, Restaurants & Leisure",Consumer Discretionary,US
ABT UN,ABBOTT LABS,184588.9047,47276303.96,0.0039,193162.9047,41.66669846,#N/A N/A,518.79,5.349999905,Health Care Equipment & Suppli,Health Care,US
ACGL UW,ARCH CAPITAL GRP,35039.26128,47276303.96,0.0007,37605.26128,25,#N/A N/A,1.239,1.730000019,Insurance,Financials,US
ACN UN,ACCENTURE PLC-A,202188.8472,47276303.96,0.0043,201055.3522,50,Y,17.196,5.329999924,IT Services,Information Technology,US
ADBE UW,ADOBE INC,209193.6,47276303.96,0.0044,206459.6,33.33330154,#N/A N/A,6.378,6.039999962,Software,Information Technology,US
ADI UW,ANALOG DEVICES,100218.078,47276303.96,0.0021,105904.957,33.33330154,#N/A N/A,171.939,4.929999828,Semiconductors & Semiconductor,Information Technology,US
ADM UN,ARCHER-DANIELS,29508.71408,47276303.96,0.0006,38064.69645,36.36360168,#N/A N/A,13895.594,5.829999924,Food Products,Consumer Staples,US
ADP UW,AUTOMATIC DATA,99830.32359,47276303.96,0.0021,101599.7236,41.66669846,#N/A N/A,13.077,3.359999895,Professional Services,Industrials,US
ADSK UW,AUTODESK INC,45919.06366,47276303.96,0.001,46073.62028,45.45449829,Y,1.464,5.510000229,Software,Information Technology,US
AEE UN,AMEREN CORP,19865.69625,47276303.96,0.0004,36475.69625,30.76919937,#N/A N/A,25191.917,5.260000229,Multi-Utilities,Utilities,US
AEP UW,AMERICAN ELECTRI,46102.97884,47276303.96,0.001,89157.37884,50,#N/A N/A,48567.368,5.050000191,Electric Utilities,Utilities,US
AES UN,AES CORP,12721.24166,47276303.96,0.0003,44271.24166,#N/A N/A,#N/A N/A,43658.845,5.670000076,Independent Power and Renewabl,Utilities,US
AFL UN,AFLAC INC,48253.7241,47276303.96,0.001,51311.7241,45.45449829,#N/A N/A,3.216,2.069999933,Insurance,Financials,US
AIG UN,AMERICAN INTERNA,50896.14092,47276303.96,0.0011,78497.14092,45.45449829,#N/A N/A,10.432,2.799999952,Insurance,Financials,US
AIZ UN,ASSURANT INC,9083.091542,47276303.96,0.0002,9552.091542,36.36360168,#N/A N/A,1.973,2.470000029,Insurance,Financials,US
AJG UN,ARTHUR J GALLAGH,50984.856,47276303.96,0.0011,57701.456,22.22220039,#N/A N/A,3.963,3.769999981,Insurance,Financials,US
AKAM UW,AKAMAI TECHNOLOG,15469.7593,47276303.96,0.0003,17709.9453,30,#N/A N/A,0.063,4.03000021,IT Services,Information Technology,US
ALB UN,ALBEMARLE CORP,14219.31103,47276303.96,0.0003,18407.60903,30,#N/A N/A,556.787,5.579999924,Chemicals,Materials,US
ALGN UW,ALIGN TECHNOLOGY,21471.92415,47276303.96,0.0005,20664.49115,40,#N/A N/A,34.125,2.329999924,Health Care Equipment & Suppli,Health Care,US
ALL UN,ALLSTATE CORP,44949.85633,47276303.96,0.001,54344.85633,25,#N/A N/A,59.995,3.450000048,Insurance,Financials,US
ALLE UN,ALLEGION PLC,10717.60611,47276303.96,0.0002,12490.50611,#N/A N/A,#N/A N/A,35.5,3.220000029,Building Products,Industrials,US
AMAT UW,APPLIED MATERIAL,167193.166,47276303.96,0.0035,165587.166,30,#N/A N/A,65.47,6.539999962,Semiconductors & Semiconductor,Information Technology,US
AMCR UN,AMCOR PLC,12892.46145,47276303.96,0.0003,20089.46145,30,N,515.951,6.710000038,Containers & Packaging,Materials,US
AMD UW,ADV MICRO DEVICE,259333.788,47276303.96,0.0055,256570.788,33.33330154,#N/A N/A,12.557,6.679999828,Semiconductors & Semiconductor,Information Technology,US
AME UN,AMETEK INC,40649.29329,47276303.96,0.0009,43796.32729,33.33330154,#N/A N/A,24.923,5.550000191,Electrical Equipment,Industrials,US
AMGN UW,AMGEN INC,147358.4543,47276303.96,0.0031,201837.4543,23.07690048,#N/A N/A,129.314,5.050000191,Biotechnology,Health Care,US
AMP UN,AMERIPRISE FINAN,41330.75172,47276303.96,0.0009,37723.75172,25,#N/A N/A,8.936,4.139999866,Capital Markets,Financials,US
AMT UN,AMERICAN TOWER C,80578.94978,47276303.96,0.0017,132427.6498,41.66669846,#N/A N/A,679.11,4.570000172,Specialized REITs,Real Estate,US
AMZN UW,AMAZON.COM INC,1869105.39,47276303.96,0.0395,1936985.263,41.66669846,#N/A N/A,25010.789,4.389999866,Broadline Retail,Consumer Discretionary,US
ANET UN,ARISTA NETWORKS,81534.84601,47276303.96,0.0017,76592.39701,37.5,#N/A N/A,1.286,3.140000105,Communications Equipment,Information Technology,US
ANSS UW,ANSYS INC,28572.41078,47276303.96,0.0006,28589.71678,30,#N/A N/A,1.673,3.980000019,Software,Information Technology,US
AON UN,AON PLC-CLASS A,61561.1708,47276303.96,0.0013,72391.1708,#N/A N/A,#N/A N/A,5.847,3.700000048,Insurance,Financials,US
AOS UN,SMITH (A.O.)CORP,12254.37082,47276303.96,0.0003,12097.37082,33.33330154,#N/A N/A,63.552,3.180000067,Building Products,Industrials,US
APA UW,APA CORP,11794.24816,47276303.96,0.0002,18214.24816,30,N,4329.931,5.170000076,"Oil, Gas & Consumable Fuels",Energy,US
APD UN,AIR PRODS & CHEM,52224.10367,47276303.96,0.0011,65281.60367,25,#N/A N/A,15785.341,5.25,Chemicals,Materials,US
APH UN,AMPHENOL CORP-A,72943.34936,47276303.96,0.0015,75372.34936,33.33330154,#N/A N/A,50.638,4.590000153,"Electronic Equipment, Instrume",Information Technology,US
APTV UN,APTIV PLC,19319.28179,47276303.96,0.0004,24762.28179,30,#N/A N/A,23.764,4.909999847,Automobile Components,Consumer Discretionary,US
ARE UN,ALEXANDRIA REAL,20583.74534,47276303.96,0.0004,36803.63334,37.5,#N/A N/A,87.552,4.96999979,Office REITs,Real Estate,US
ATO UN,ATMOS ENERGY,17879.03071,47276303.96,0.0004,25184.39371,27.27269936,#N/A N/A,1355.196,2.50999999,Gas Utilities,Utilities,US
AVB UN,AVALONBAY COMMUN,27102.69048,47276303.96,0.0006,34799.54248,25,#N/A N/A,16.948,5.400000095,Residential REITs,Real Estate,US
AVGO UW,BROADCOM INC,609732.5899,47276303.96,0.0129,673769.5899,33.33330154,#N/A N/A,118.19,4.730000019,Semiconductors & Semiconductor,Information Technology,US
AVY UN,AVERY DENNISON,17413.21872,47276303.96,0.0004,20467.91872,20,#N/A N/A,183.315,4.949999809,Containers & Packaging,Materials,US
AWK UN,AMERICAN WATER W,23919.8484,47276303.96,0.0005,36010.8484,60,#N/A N/A,74.257,4.320000172,Water Utilities,Utilities,US
AXON UW,AXON ENTERPRISE,23653.97891,47276303.96,0.0005,23052.04091,36.36360168,#N/A N/A,18.99,3.529999971,Aerospace & Defense,Industrials,US
AXP UN,AMERICAN EXPRESS,169827.4508,47276303.96,0.0036,166182.4508,28.57139969,#N/A N/A,25.789,4.170000076,Consumer Finance,Financials,US
AZO UN,AUTOZONE INC,51022.61554,47276303.96,0.0011,62165.54954,30,#N/A N/A,242.251,5.079999924,Specialty Retail,Consumer Discretionary,US
BA UN,BOEING CO/THE,104182.2917,47276303.96,0.0022,144586.2917,30.76919937,#N/A N/A,684.614,4.539999962,Aerospace & Defense,Industrials,US
BAC UN,BANK OF AMERICA,293553.3735,47276303.96,0.0062,#N/A N/A,38.46149826,Y,83.618,5.260000229,Banks,Financials,US
BALL UN,BALL CORP,22082.44459,47276303.96,0.0005,26163.44459,45.45449829,Y,446.875,3.75999999,Containers & Packaging,Materials,US
BAX UN,BAXTER INTL INC,20500.34,47276303.96,0.0004,31736.34,36.36360168,#N/A N/A,338.519,4.840000153,Health Care Equipment & Suppli,Health Care,US
BBWI UN,BATH & BODY WORK,10230.54247,47276303.96,0.0002,14720.54247,#N/A N/A,#N/A N/A,15.99,4.75,Specialty Retail,Consumer Discretionary,US
BBY UN,BEST BUY CO INC,15914.53128,47276303.96,0.0003,18462.53128,#N/A N/A,#N/A N/A,206.011,6.309999943,Specialty Retail,Consumer Discretionary,US
BDX UN,BECTON DICKINSON,67684.01491,47276303.96,0.0014,82612.01491,33.33330154,#N/A N/A,152.74,4.579999924,Health Care Equipment & Suppli,Health Care,US
BEN UN,FRANKLIN RES INC,12089.57812,47276303.96,0.0003,23919.07812,27.27269936,#N/A N/A,8.587,7.050000191,Capital Markets,Financials,US
BF/B UN,BROWN-FORMAN -B,22850.8667,47276303.96,0.0005,25667.8667,33.33330154,#N/A N/A,121.347,5.150000095,Beverages,Consumer Staples,US
BG UN,BUNGE GLOBAL SA,14386.06287,47276303.96,0.0003,18193.06287,33.33330154,Y,1812.453,3.930000067,Food Products,Consumer Staples,US
BIIB UW,BIOGEN INC,31330.99584,47276303.96,0.0007,37203.19584,#N/A N/A,#N/A N/A,64.602,5.849999905,Biotechnology,Health Care,US
BIO UN,BIO-RAD LABS-A,7824.25928,47276303.96,0.0002,7622.51228,33.33330154,#N/A N/A,18.858,2.670000076,Life Sciences Tools & Services,Health Care,US
BK UN,BANK NY MELLON,42550.7304,47276303.96,0.0009,#N/A N/A,40,#N/A N/A,10.485,4.190000057,Capital Markets,Financials,US
BKNG UW,BOOKING HOLDINGS,119046.049,47276303.96,0.0025,120858.049,33.33330154,#N/A N/A,5.083,4.010000229,"Hotels, Restaurants & Leisure",Consumer Discretionary,US
BKR UW,BAKER HUGHES CO,32684.42251,47276303.96,0.0007,36132.42251,20,Y,432.497,5.150000095,Energy Equipment & Services,Energy,US
BLDR UN,BUILDERS FIRSTSO,22533.30517,47276303.96,0.0005,26181.69117,#N/A N/A,#N/A N/A,185.672,3.680000067,Building Products,Industrials,US
BLK UN,BLACKROCK INC,113574.7756,47276303.96,0.0024,116433.7756,29.41180038,#N/A N/A,4.775,5.909999847,Capital Markets,Financials,US
BMY UN,BRISTOL-MYER SQB,90307.30928,47276303.96,0.0019,137737.3093,33.33330154,#N/A N/A,186.191,5.260000229,Pharmaceuticals,Health Care,US
BR UN,BROADRIDGE FINL,22918.47382,47276303.96,0.0005,26516.47382,25,#N/A N/A,12.996,4.039999962,Professional Services,Industrials,US
BRK/B UN,BERKSHIRE HATH-B,862872.0891,47276303.96,0.0182,431632.0891,28.57139969,N,95037.516,1.24000001,Financial Services,Financials,US
BRO UN,BROWN & BROWN,23396.14447,47276303.96,0.0005,26921.14447,14.28569984,#N/A N/A,65.617,3.809999943,Insurance,Financials,US
BSX UN,BOSTON SCIENTIFC,105656.0807,47276303.96,0.0022,114607.0807,36.36360168,#N/A N/A,66.321,5.46999979,Health Care Equipment & Suppli,Health Care,US
BWA UN,BORGWARNER INC,7646.947697,47276303.96,0.0002,10223.9477,37.5,#N/A N/A,76.33,5.860000134,Automobile Components,Consumer Discretionary,US
BX UN,BLACKSTONE INC,144718.4481,47276303.96,0.0031,160222.4791,30,#N/A N/A,0.691,2.460000038,Capital Markets,Financials,US
BXP UN,BOSTON PROPERTIE,9820.284725,47276303.96,0.0002,27229.12373,36.36360168,#N/A N/A,16.277,6.210000038,Office REITs,Real Estate,US
C UN,CITIGROUP INC,118390.0585,47276303.96,0.0025,366266.0585,53.84619904,#N/A N/A,58.037,4.28000021,Banks,Financials,US
CAG UN,CONAGRA BRANDS I,14743.45518,47276303.96,0.0003,23412.85518,40,#N/A N/A,410.594,5.070000172,Food Products,Consumer Staples,US
CAH UN,CARDINAL HEALTH,24982.47714,47276303.96,0.0005,25116.47714,53.84619904,#N/A N/A,132.849,3.839999914,Health Care Providers & Servic,Health Care,US
CARR UN,CARRIER GLOB,55790.69344,47276303.96,0.0012,72222.69344,33.33330154,#N/A N/A,186.196,5.579999924,Building Products,Industrials,US
CAT UN,CATERPILLAR INC,164517.3717,47276303.96,0.0035,170144.3717,#N/A N/A,#N/A N/A,662.499,4.610000134,Machinery,Industrials,US
CB UN,CHUBB LTD,101251.3216,47276303.96,0.0021,119279.3216,30.76919937,Y,24.988,2.400000095,Insurance,Financials,US
CBOE UF,CBOE GLOBAL MARK,19055.36013,47276303.96,0.0004,20065.46013,27.27269936,#N/A N/A,0.028,7.75,Capital Markets,Financials,US
CBRE UN,CBRE GROUP INC-A,26754.50298,47276303.96,0.0006,31223.50298,27.27269936,#N/A N/A,57.519,4.900000095,Real Estate Management & Devel,Real Estate,US
CCI UN,CROWN CASTLE INC,41268.45,47276303.96,0.0009,70267.45,#N/A N/A,#N/A N/A,13.535,4.889999866,Specialized REITs,Real Estate,US
CCL UN,CARNIVAL CORP,18756.69899,47276303.96,0.0004,48529.69899,36.36360168,N,12781.764,5.769999981,"Hotels, Restaurants & Leisure",Consumer Discretionary,US
CDNS UW,CADENCE DESIGN,75626.0386,47276303.96,0.0016,75262.9326,30,#N/A N/A,8.079,4.369999886,Software,Information Technology,US
CDW UW,CDW CORP/DE,32638.03821,47276303.96,0.0007,37892.23821,45.45449829,#N/A N/A,3.404,4.480000019,"Electronic Equipment, Instrume",Information Technology,US
CE UN,CELANESE CORP,16840.20065,47276303.96,0.0004,29594.20065,44.44440079,#N/A N/A,2252.871,4.610000134,Chemicals,Materials,US
CEG UW,CONSTELLATION EN,59321.51677,47276303.96,0.0013,68489.51677,27.27269936,#N/A N/A,13225.657,3.75999999,Electric Utilities,Utilities,US
CF UN,CF INDUSTRIES HO,14937.07853,47276303.96,0.0003,18793.07853,33.33330154,#N/A N/A,17610.112,4.940000057,Chemicals,Materials,US
CFG UN,CITIZENS FINANCI,15858.99726,47276303.96,0.0003,#N/A N/A,35.71429825,#N/A N/A,11.624,3.650000095,Banks,Financials,US
CHD UN,CHURCH & DWIGHT,26256.34871,47276303.96,0.0006,28517.44871,30,#N/A N/A,89.18,5.489999771,Household Products,Consumer Staples,US
CHRW UW,CH ROBINSON,8186.608081,47276303.96,0.0002,9993.585081,30,#N/A N/A,4.736,5.269999981,Air Freight & Logistics,Industrials,US
CHTR UW,CHARTER COMMUN-A,41516.52461,47276303.96,0.0009,138820.5246,7.692309856,N,433.837,4.690000057,Media,Communication Services,US
CI UN,THE CIGNA GROUP,101378.4187,47276303.96,0.0021,124134.4187,33.33330154,#N/A N/A,16.272,4.320000172,Health Care Providers & Servic,Health Care,US
CINF UW,CINCINNATI FIN,18121.63607,47276303.96,0.0004,18375.63607,33.33330154,#N/A N/A,16.612,1.929999948,Insurance,Financials,US
CL UN,COLGATE-PALMOLIV,75111.38399,47276303.96,0.0016,82877.38399,40,#N/A N/A,218.187,5.570000172,Household Products,Consumer Staples,US
CLX UN,CLOROX CO,18365.25516,47276303.96,0.0004,21304.25516,50,#N/A N/A,67.815,5.960000038,Household Products,Consumer Staples,US
CMA UN,COMERICA INC,6720.847753,47276303.96,0.0001,#N/A N/A,#N/A N/A,#N/A N/A,6.96,4.929999828,Banks,Financials,US
CMCSA UW,COMCAST CORP-A,149647.0975,47276303.96,0.0032,240448.0975,#N/A N/A,#N/A N/A,501.971,3.289999962,Media,Communication Services,US
CME UW,CME GROUP INC,75350.33442,47276303.96,0.0016,77218.43442,21.7390995,#N/A N/A,0.279,7.170000076,Capital Markets,Financials,US
CMG UN,CHIPOTLE MEXICAN,87371.29982,47276303.96,0.0018,90108.92882,40,#N/A N/A,133.423,4.230000019,"Hotels, Restaurants & Leisure",Consumer Discretionary,US
CMI UN,CUMMINS INC,40283.08884,47276303.96,0.0008,45804.08884,33.33330154,#N/A N/A,320.578,4.789999962,Machinery,Industrials,US
CMS UN,CMS ENERGY CORP,17739.22487,47276303.96,0.0004,33468.22487,33.33330154,#N/A N/A,18618.308,5.409999847,Multi-Utilities,Utilities,US
CNC UN,CENTENE CORP,39347.67271,47276303.96,0.0008,37786.67271,30,#N/A N/A,45.393,3.099999905,Health Care Providers & Servic,Health Care,US
CNP UN,CENTERPOINT ENER,18490.85052,47276303.96,0.0004,36775.85052,18.18180084,#N/A N/A,6627.841,5.210000038,Multi-Utilities,Utilities,US
COF UN,CAPITAL ONE FINA,55164.13172,47276303.96,0.0012,59342.13172,25,#N/A N/A,9.269,4.059999943,Consumer Finance,Financials,US
COO UW,COOPER COS INC,17713.16003,47276303.96,0.0004,20350.46003,50,#N/A N/A,53.817,6.739999771,Health Care Equipment & Suppli,Health Care,US
COP UN,CONOCOPHILLIPS,149198.3101,47276303.96,0.0031,162226.3101,16.66670036,#N/A N/A,12574.132,6.329999924,"Oil, Gas & Consumable Fuels",Energy,US
COR UN,CENCORA INC,47558.50195,47276303.96,0.001,49614.42695,20,#N/A N/A,124.635,4.260000229,Health Care Providers & Servic,Health Care,US
COST UW,COSTCO WHOLESALE,320232.0892,47276303.96,0.0068,319344.0892,33.33330154,#N/A N/A,1543.995,3.25999999,Consumer Staples Distribution,Consumer Staples,US
CPAY UN,CORPAY INC,21796.07072,47276303.96,0.0005,27228.59972,#N/A N/A,#N/A N/A,36.454,2.029999971,Financial Services,Financials,US
CPB UN,CAMPBELL SOUP CO,13617.32681,47276303.96,0.0003,18268.32681,30.76919937,#N/A N/A,482.818,6.670000076,Food Products,Consumer Staples,US
CPRT UW,COPART INC,52543.88901,47276303.96,0.0011,50016.48501,18.18180084,N,54.123,2.970000029,Commercial Services & Supplies,Industrials,US
CPT UN,CAMDEN PROP TR,10696.8937,47276303.96,0.0002,14229.6577,30,#N/A N/A,19.032,4.389999866,Residential REITs,Real Estate,US
CRL UN,CHARLES RIVER LA,11715.96352,47276303.96,0.0002,14628.16752,27.27269936,#N/A N/A,85.922,3.480000019,Life Sciences Tools & Services,Health Care,US
CRM UN,SALESFORCE INC,262404.4,47276303.96,0.0056,261772.4,#N/A N/A,#N/A N/A,5.702,5.449999809,Software,Information Technology,US
CSCO UW,CISCO SYSTEMS,190878.679,47276303.96,0.004,177845.679,36.36360168,Y,32.054,4.75,Communications Equipment,Information Technology,US
CSGP UW,COSTAR GROUP INC,37449.07472,47276303.96,0.0008,33607.37472,#N/A N/A,#N/A N/A,1.919,2.839999914,Real Estate Management & Devel,Real Estate,US
CSX UW,CSX CORP,65138.17304,47276303.96,0.0014,82660.17304,27.27269936,#N/A N/A,4003.448,6.400000095,Ground Transportation,Industrials,US
CTAS UW,CINTAS CORP,67171.71474,47276303.96,0.0014,69708.62974,20,#N/A N/A,555.046,4.739999771,Commercial Services & Supplies,Industrials,US
CTLT UN,CATALENT INC,10174.37054,47276303.96,0.0002,14950.37054,#N/A N/A,#N/A N/A,76.414,5.679999828,Pharmaceuticals,Health Care,US
CTRA UN,COTERRA ENERGY I,20848.72929,47276303.96,0.0004,22426.72929,40,N,1657.181,4.96999979,"Oil, Gas & Consumable Fuels",Energy,US
CTSH UW,COGNIZANT TECH-A,32785.29441,47276303.96,0.0007,31489.29441,#N/A N/A,#N/A N/A,10.622,4.340000153,IT Services,Information Technology,US
CTVA UN,CORTEVA INC,37429.91552,47276303.96,0.0008,37904.91552,30.76919937,#N/A N/A,477.885,6.090000153,Chemicals,Materials,US
CVS UN,CVS HEALTH CORP,85485.76221,47276303.96,0.0018,153590.7622,38.46149826,Y,239.944,4.099999905,Health Care Providers & Servic,Health Care,US
CVX UN,CHEVRON CORP,302240.017,47276303.96,0.0064,318828.017,50,#N/A N/A,51635.677,5.440000057,"Oil, Gas & Consumable Fuels",Energy,US
CZR UW,CAESARS ENTERTAI,7995.520924,47276303.96,0.0002,32957.52092,#N/A N/A,#N/A N/A,262.153,6.559999943,"Hotels, Restaurants & Leisure",Consumer Discretionary,US
D UN,DOMINION ENERGY,43069.04774,47276303.96,0.0009,89574.04774,30.76919937,#N/A N/A,35873.083,5.710000038,Multi-Utilities,Utilities,US
DAL UN,DELTA AIR LI,32543.09843,47276303.96,0.0007,54386.09843,#N/A N/A,#N/A N/A,32454.756,5.179999828,Passenger Airlines,Industrials,US
DAY UN,DAYFORCE INC,9577.656,47276303.96,0.0002,10251.756,33.33330154,#N/A N/A,0.367,5.03000021,Professional Services,Industrials,US
DD UN,DUPONT DE NEMOUR,30437.61496,47276303.96,0.0006,36367.61496,33.33330154,#N/A N/A,1379.502,5.590000153,Chemicals,Materials,US
DE UN,DEERE & CO,109055.1795,47276303.96,0.0023,114018.1795,33.33330154,#N/A N/A,451.453,5.53000021,Machinery,Industrials,US
DECK UN,DECKERS OUTDOOR,21048.45376,47276303.96,0.0004,19671.64276,40,Y,0.358,3.690000057,"Textiles, Apparel & Luxury Goo",Consumer Discretionary,US
DFS UN,DISCOVER FINANCI,32017.56,47276303.96,0.0007,24527.56,38.46149826,#N/A N/A,6.168,4.019999981,Consumer Finance,Financials,US
DG UN,DOLLAR GENERAL C,30692.47627,47276303.96,0.0006,48245.95927,33.33330154,#N/A N/A,733.79,2.779999971,Consumer Staples Distribution,Consumer Staples,US
DGX UN,QUEST DIAGNOSTIC,15497.27457,47276303.96,0.0003,20412.27457,40,#N/A N/A,279.458,3.950000048,Health Care Providers & Servic,Health Care,US
DHI UN,DR HORTON INC,47285.94569,47276303.96,0.001,50688.84569,25,#N/A N/A,81.274,4.050000191,Household Durables,Consumer Discretionary,US
DHR UN,DANAHER CORP,182445.9088,47276303.96,0.0039,194682.9088,28.57139969,#N/A N/A,127,4.480000019,Life Sciences Tools & Services,Health Care,US
DIS UN,WALT DISNEY CO/T,204142.454,47276303.96,0.0043,249420.454,#N/A N/A,#N/A N/A,910.889,4.300000191,Entertainment,Communication Services,US
DLR UN,DIGITAL REALTY,44642.48052,47276303.96,0.0009,62739.98652,#N/A N/A,#N/A N/A,46.149,5.989999771,Specialized REITs,Real Estate,US
DLTR UW,DOLLAR TREE INC,25787.39103,47276303.96,0.0005,35489.39103,#N/A N/A,#N/A N/A,503.828,3.069999933,Consumer Staples Distribution,Consumer Staples,US
DOC US,HEALTHPEAK PROPE,13181.82779,47276303.96,0.0003,22860.86479,#N/A N/A,#N/A N/A,65.115,5.46999979,Health Care REITs,Real Estate,US
DOV UN,DOVER CORP,24954.56845,47276303.96,0.0005,27967.07145,30,#N/A N/A,56.232,4.789999962,Machinery,Industrials,US
DOW UN,DOW INC,40332.4264,47276303.96,0.0009,54839.4264,33.33330154,#N/A N/A,25091.183,5.730000019,Chemicals,Materials,US
DPZ UN,DOMINO'S PIZZA,18521.39523,47276303.96,0.0004,23520.81223,33.33330154,#N/A N/A,125.172,3.849999905,"Hotels, Restaurants & Leisure",Consumer Discretionary,US
DRI UN,DARDEN RESTAURAN,18374.1163,47276303.96,0.0004,24937.2163,30,#N/A N/A,348.214,3.529999971,"Hotels, Restaurants & Leisure",Consumer Discretionary,US
DTE UN,DTE ENERGY CO,22908.67074,47276303.96,0.0005,44457.67074,25,#N/A N/A,27611.094,4.630000114,Multi-Utilities,Utilities,US
DUK UN,DUKE ENERGY CORP,76113.12,47276303.96,0.0016,160066.12,35.71429825,#N/A N/A,74879.669,5.449999809,Electric Utilities,Utilities,US
DVA UN,DAVITA INC,12168.375,47276303.96,0.0003,24580.376,#N/A N/A,#N/A N/A,64.089,3.670000076,Health Care Providers & Servic,Health Care,US
DVN UN,DEVON ENERGY CO,32759.65,47276303.96,0.0007,38523.65,#N/A N/A,#N/A N/A,4622.337,4.619999886,"Oil, Gas & Consumable Fuels",Energy,US
DXCM UW,DEXCOM,50947.27636,47276303.96,0.0011,50582.77636,#N/A N/A,#N/A N/A,3.864,4.159999847,Health Care Equipment & Suppli,Health Care,US
EA UW,ELECTRONIC ARTS,33913.40598,47276303.96,0.0007,33026.40598,37.5,N,2.048,3.390000105,Entertainment,Communication Services,US
EBAY UW,EBAY INC,26790.96,47276303.96,0.0006,29891.96,#N/A N/A,#N/A N/A,6.424,6.840000153,Broadline Retail,Consumer Discretionary,US
ECL UN,ECOLAB INC,65053.57215,47276303.96,0.0014,72567.57215,41.66669846,Y,319.142,6.130000114,Chemicals,Materials,US
ED UN,CONS EDISON INC,32553.88795,47276303.96,0.0007,56375.88795,36.36360168,#N/A N/A,2643.686,4.510000229,Multi-Utilities,Utilities,US
EFX UN,EQUIFAX INC,27629.60001,47276303.96,0.0006,33204.60001,33.33330154,#N/A N/A,1.216,2.75,Professional Services,Industrials,US
EG UN,EVEREST GROUP LT,15834.27415,47276303.96,0.0003,17676.27415,#N/A N/A,#N/A N/A,0.196,3.359999895,Insurance,Financials,US
EIX UN,EDISON INTL,27469.82745,47276303.96,0.0006,66551.82745,45.45449829,#N/A N/A,1475.453,6.510000229,Electric Utilities,Utilities,US
EL UN,ESTEE LAUDER,52713.51479,47276303.96,0.0011,59825.51479,37.5,N,27.918,4.71999979,Personal Care Products,Consumer Staples,US
ELV UN,ELEVANCE HEALTH,123362.7554,47276303.96,0.0026,113648.7554,45.45449829,#N/A N/A,16.934,6.300000191,Health Care Providers & Servic,Health Care,US
EMN UN,EASTMAN CHEMICAL,11235.52715,47276303.96,0.0002,15886.52715,33.33330154,#N/A N/A,5645.726,4.309999943,Chemicals,Materials,US
EMR UN,EMERSON ELEC CO,61674.996,47276303.96,0.0013,76338.996,30.76919937,#N/A N/A,144.571,6.300000191,Electrical Equipment,Industrials,US
ENPH UQ,ENPHASE ENERGY,14994.11362,47276303.96,0.0003,14684.31762,14.28569984,#N/A N/A,0.019,5.28000021,Semiconductors & Semiconductor,Information Technology,US
EOG UN,EOG RESOURCES,77534.65025,47276303.96,0.0016,77056.65025,33.33330154,#N/A N/A,5228.144,5.110000134,"Oil, Gas & Consumable Fuels",Energy,US
EPAM UN,EPAM SYSTEMS INC,13754.17223,47276303.96,0.0003,11829.72223,40,Y,0.379,3.150000095,IT Services,Information Technology,US
EQIX UW,EQUINIX INC,67716.76187,47276303.96,0.0014,82102.18787,40,#N/A N/A,40.652,5.130000114,Specialized REITs,Real Estate,US
EQR UN,EQUITY RESIDENTI,24612.13683,47276303.96,0.0005,32609.26783,33.33330154,#N/A N/A,78.427,4.659999847,Residential REITs,Real Estate,US
EQT UN,EQT CORP,18105.272,47276303.96,0.0004,22969.157,54.54550171,#N/A N/A,978.457,7.019999981,"Oil, Gas & Consumable Fuels",Energy,US
ES UN,EVERSOURCE ENERG,21292.63083,47276303.96,0.0005,47864.41183,33.33330154,#N/A N/A,179.504,4.650000095,Electric Utilities,Utilities,US
ESS UN,ESSEX PROPERTY,15941.1347,47276303.96,0.0003,22044.3077,40,#N/A N/A,31.386,5.760000229,Residential REITs,Real Estate,US
ETN UN,EATON CORP PLC,127669.5464,47276303.96,0.0027,135049.5464,30,#N/A N/A,227.913,7.949999809,Electrical Equipment,Industrials,US
ETR UN,ENTERGY CORP,22875.70714,47276303.96,0.0005,50316.29914,33.33330154,#N/A N/A,35959.437,5.579999924,Electric Utilities,Utilities,US
ETSY UW,ETSY INC,8071.541632,47276303.96,0.0002,9356.660632,#N/A N/A,#N/A N/A,0.398,4.329999924,Broadline Retail,Consumer Discretionary,US
EVRG UW,EVERGY INC,12114.50357,47276303.96,0.0003,25327.20357,33.33330154,#N/A N/A,23193.123,4.690000057,Electric Utilities,Utilities,US
EW UN,EDWARDS LIFE,51026.318,47276303.96,0.0011,50096.418,33.33330154,#N/A N/A,19.535,5.150000095,Health Care Equipment & Suppli,Health Care,US
EXC UW,EXELON CORP,37685.0155,47276303.96,0.0008,81052.0155,44.44440079,#N/A N/A,400.562,4.199999809,Electric Utilities,Utilities,US
EXPD UN,EXPEDITORS INTL,16103.76966,47276303.96,0.0003,15119.68266,33.33330154,#N/A N/A,9.685,4.670000076,Air Freight & Logistics,Industrials,US
EXPE UW,EXPEDIA GROUP IN,18404.3935,47276303.96,0.0004,22036.3935,#N/A N/A,#N/A N/A,3.188,5.099999905,"Hotels, Restaurants & Leisure",Consumer Discretionary,US
EXR UN,EXTRA SPACE STOR,29032.20034,47276303.96,0.0006,41209.42934,30,#N/A N/A,20.984,4.809999943,Specialized REITs,Real Estate,US
F UN,FORD MOTOR CO,48766.39837,47276303.96,0.001,44049.39837,28.57139969,#N/A N/A,1513.968,5.760000229,Automobiles,Consumer Discretionary,US
FANG UW,DIAMONDBACK ENER,36188.74834,47276303.96,0.0008,43052.74834,#N/A N/A,#N/A N/A,1571.734,5.289999962,"Oil, Gas & Consumable Fuels",Energy,US
FAST UW,FASTENAL CO,38990.48128,47276303.96,0.0008,39236.78128,36.36360168,#N/A N/A,151.645,4.010000229,Trading Companies & Distributo,Industrials,US
FCX UN,FREEPORT-MCMORAN,72609.78409,47276303.96,0.0015,87958.78409,#N/A N/A,#N/A N/A,4424.113,7.199999809,Metals & Mining,Materials,US
FDS UN,FACTSET RESEARCH,15921.74618,47276303.96,0.0003,17175.73118,33.33330154,#N/A N/A,1.419,5.260000229,Capital Markets,Financials,US
FDX UN,FEDEX CORP,64689.70756,47276303.96,0.0014,96559.70756,33.33330154,#N/A N/A,16543.052,4.420000076,Air Freight & Logistics,Industrials,US
FE UN,FIRSTENERGY CORP,22255.22197,47276303.96,0.0005,47071.22197,30,#N/A N/A,18044.595,5.21999979,Electric Utilities,Utilities,US
FFIV UW,F5 INC,9880.623101,47276303.96,0.0002,9199.166101,27.27269936,N,0.966,2.5,Communications Equipment,Information Technology,US
FI UN,FISERV INC,89397.71518,47276303.96,0.0019,113390.7152,33.33330154,Y,16.933,3.420000076,Financial Services,Financials,US
FICO UN,FAIR ISAAC CORP,28105.47955,47276303.96,0.0006,29992.61555,33.33330154,N,19.593,1.970000029,Software,Information Technology,US
FIS UN,FIDELITY NATIONA,39476.3736,47276303.96,0.0008,58383.3736,#N/A N/A,#N/A N/A,9.801,4.5,Financial Services,Financials,US
FITB UW,FIFTH THIRD BANC,25102.73852,47276303.96,0.0005,#N/A N/A,31.25,#N/A N/A,13.778,3.410000086,Banks,Financials,US
FMC UN,FMC CORP,7401.627642,47276303.96,0.0002,11226.92764,36.36360168,#N/A N/A,77.238,7.289999962,Chemicals,Materials,US
FOX UW,FOX CORP - B,14148.64274,47276303.96,0.0003,19752.64274,12.5,#N/A N/A,14.038,3.319999933,Media,Communication Services,US
FOXA UW,FOX CORP - A,14148.66131,47276303.96,0.0003,19752.66131,12.5,#N/A N/A,14.038,3.319999933,Media,Communication Services,US
FRT UN,FED REALTY INVS,8624.357048,47276303.96,0.0002,13483.08405,42.85710144,#N/A N/A,2.675,5.480000019,Retail REITs,Real Estate,US
FSLR UW,FIRST SOLAR INC,18984.19099,47276303.96,0.0004,17506.09099,25,#N/A N/A,6.036,6.21999979,Semiconductors & Semiconductor,Information Technology,US
FTNT UW,FORTINET INC,48734.78665,47276303.96,0.001,47365.78665,#N/A N/A,#N/A N/A,1.288,3.210000038,Software,Information Technology,US
FTV UN,FORTIVE CORP,26806.98261,47276303.96,0.0006,30227.48261,#N/A N/A,#N/A N/A,14.993,4.5,Machinery,Industrials,US
GD UN,GENERAL DYNAMICS,79282.98935,47276303.96,0.0017,89309.98935,23.07690048,#N/A N/A,308.944,7.039999962,Aerospace & Defense,Industrials,US
GE UN,GENERAL ELECTRIC,178464.6725,47276303.96,0.0038,157795.6725,33.33330154,#N/A N/A,685.623,5.940000057,Aerospace & Defense,Industrials,US
GEHC UW,GE HEALTHCARE TE,34997.19984,47276303.96,0.0007,42434.19984,40,#N/A N/A,126.764,6.25,Health Care Equipment & Suppli,Health Care,US
GEN UW,GEN DIGITAL INC,13063.02338,47276303.96,0.0003,21873.02338,40,Y,1.025,4.860000134,Software,Information Technology,US
GEV UN,GE VERNOVA INC,41883.00877,47276303.96,0.0009,41296.00877,#N/A N/A,#N/A N/A,1150.529,#N/A Field Not Applicable,Electrical Equipment,Industrials,US
GILD UW,GILEAD SCIENCES,81302.39856,47276303.96,0.0017,98449.39856,33.33330154,Y,53.047,5.710000038,Biotechnology,Health Care,US
GIS UN,GENERAL MILLS IN,39670.84158,47276303.96,0.0008,51850.74158,50,Y,318.195,6.289999962,Food Products,Consumer Staples,US
GL UN,GLOBE LIFE INC,7175.015241,47276303.96,0.0002,9454.990241,50,#N/A N/A,1.583,2.00999999,Insurance,Financials,US
GLW UN,CORNING INC,28500.3443,47276303.96,0.0006,35522.3443,21.42860031,#N/A N/A,728.4,2.710000038,"Electronic Equipment, Instrume",Information Technology,US
GM UN,GENERAL MOTORS C,50758.975,47276303.96,0.0011,51349.975,46.15380096,#N/A N/A,1552.583,6.190000057,Automobiles,Consumer Discretionary,US
GNRC UN,GENERAC HOLDINGS,8273.168184,47276303.96,0.0002,9730.906184,#N/A N/A,#N/A N/A,34.635,5.300000191,Electrical Equipment,Industrials,US
GOOG UW,ALPHABET INC-C,2041612.825,47276303.96,0.0432,1961581.825,#N/A N/A,#N/A N/A,121.516,4.230000019,Interactive Media & Services,Communication Services,US
GOOGL UW,ALPHABET INC-A,2041549.75,47276303.96,0.0432,1961455.675,#N/A N/A,#N/A N/A,121.516,4.230000019,Interactive Media & Services,Communication Services,US
GPC UN,GENUINE PARTS CO,21975.75518,47276303.96,0.0005,25886.09318,28.57139969,#N/A N/A,134.241,5.630000114,Distributors,Consumer Discretionary,US
GPN UN,GLOBAL PAYMENTS,31840.50697,47276303.96,0.0007,48324.39412,25,#N/A N/A,1.85,3.99000001,Financial Services,Financials,US
GRMN UN,GARMIN LTD,27863.02935,47276303.96,0.0006,24910.57935,#N/A N/A,#N/A N/A,46.705,3.039999962,Household Durables,Consumer Discretionary,US
GS UN,GOLDMAN SACHS GP,144060.2758,47276303.96,0.003,361263.2758,38.46149826,#N/A N/A,15.678,4.960000038,Capital Markets,Financials,US
GWW UN,WW GRAINGER INC,45343.50132,47276303.96,0.001,47563.50132,30.76919937,N,32.426,3.400000095,Trading Companies & Distributo,Industrials,US
HAL UN,HALLIBURTON CO,33579.47649,47276303.96,0.0007,40521.47649,23.07690048,N,4466.057,5.480000019,Energy Equipment & Services,Energy,US
HAS UW,HASBRO INC,8564.822231,47276303.96,0.0002,11461.52223,63.63639832,N,4.522,6.920000076,Leisure Products,Consumer Discretionary,US
HBAN UW,HUNTINGTON BANC,19651.88623,47276303.96,0.0004,#N/A N/A,26.66670036,#N/A N/A,18.536,3.769999981,Banks,Financials,US
HCA UN,HCA HEALTHCARE I,82088.35222,47276303.96,0.0017,125792.3522,30,#N/A N/A,830.463,3.920000076,Health Care Providers & Servic,Health Care,US
HD UN,HOME DEPOT INC,331212.3194,47276303.96,0.007,379963.3194,30.76919937,#N/A N/A,597.173,5.809999943,Specialty Retail,Consumer Discretionary,US
HES UN,HESS CORP,49349.82157,47276303.96,0.001,58217.82157,25,#N/A N/A,2375.435,4.769999981,"Oil, Gas & Consumable Fuels",Energy,US
HIG UN,HARTFORD FINL SV,28599.54447,47276303.96,0.0006,32985.54447,30,#N/A N/A,8.68,2.890000105,Insurance,Financials,US
HII UN,HUNTINGTON INGAL,10967.99195,47276303.96,0.0002,13261.99195,33.33330154,#N/A N/A,100.486,5.099999905,Aerospace & Defense,Industrials,US
HLT UN,HILTON WORLDWIDE,49821.67586,47276303.96,0.0011,59439.67586,44.44440079,#N/A N/A,488.266,6.28000021,"Hotels, Restaurants & Leisure",Consumer Discretionary,US
HOLX UW,HOLOGIC INC,17924.09894,47276303.96,0.0004,18569.99894,50,#N/A N/A,6.834,4.460000038,Health Care Equipment & Suppli,Health Care,US
HON UW,HONEYWELL INTL,125880.6715,47276303.96,0.0027,140827.6715,33.33330154,#N/A N/A,1059.688,5.760000229,Industrial Conglomerates,Industrials,US
HPE UN,HEWLETT PACKA,22269,47276303.96,0.0005,31360,46.15380096,#N/A N/A,33.541,4.650000095,"Technology Hardware, Storage &",Information Technology,US
HPQ UN,HP INC,27544.24806,47276303.96,0.0006,36061.24806,42.85710144,#N/A N/A,47.882,3.940000057,"Technology Hardware, Storage &",Information Technology,US
HRL UN,HORMEL FOODS CRP,19519.58528,47276303.96,0.0004,21853.32328,30.76919937,#N/A N/A,559.127,4.860000134,Food Products,Consumer Staples,US
HSIC UW,HENRY SCHEIN INC,8957.706615,47276303.96,0.0002,13025.70661,30.76919937,#N/A N/A,52.8,3.559999943,Health Care Providers & Servic,Health Care,US
HST UW,HOST HOTELS & RE,13407.098,47276303.96,0.0003,17228.098,33.33330154,#N/A N/A,119.543,5.670000076,Hotel & Resort REITs,Real Estate,US
HSY UN,HERSHEY CO/THE,39968.2832,47276303.96,0.0008,44691.9932,45.45449829,#N/A N/A,177.836,6.260000229,Food Products,Consumer Staples,US
HUBB UN,HUBBELL INC,20025.82127,47276303.96,0.0004,21979.42127,33.33330154,#N/A N/A,34.904,5.889999866,Electrical Equipment,Industrials,US
HUM UN,HUMANA INC,36684.61082,47276303.96,0.0008,26948.61082,27.27269936,#N/A N/A,128.933,6.25,Health Care Providers & Servic,Health Care,US
HWM UN,HOWMET AEROSPACE,27658.56911,47276303.96,0.0006,30938.17151,30,#N/A N/A,415.998,5.730000019,Aerospace & Defense,Industrials,US
IBM UN,IBM,152589.0888,47276303.96,0.0032,196417.0888,21.42860031,#N/A N/A,69.668,5.159999847,IT Services,Information Technology,US
ICE UN,INTERCONTINENTAL,74325.61197,47276303.96,0.0016,96467.61197,60,#N/A N/A,4.192,5.380000114,Capital Markets,Financials,US
IDXX UW,IDEXX LABS,41085.62167,47276303.96,0.0009,41600.85567,36.36360168,#N/A N/A,15.237,4.559999943,Health Care Equipment & Suppli,Health Care,US
IEX UN,IDEX CORP,16786.95821,47276303.96,0.0004,17493.95821,30,#N/A N/A,12.366,3.950000048,Machinery,Industrials,US
IFF UN,INTL FLVR & FRAG,21776.15418,47276303.96,0.0005,31927.15418,27.27269936,#N/A N/A,604.964,4.489999771,Chemicals,Materials,US
ILMN UW,ILLUMINA INC,19633.684,47276303.96,0.0004,20841.684,30,#N/A N/A,17.315,6.570000172,Life Sciences Tools & Services,Health Care,US
INCY UW,INCYTE CORP,11558.60507,47276303.96,0.0002,7955.133069,#N/A N/A,#N/A N/A,8.125,3.430000067,Biotechnology,Health Care,US
INTC UW,INTEL CORP,130983.9599,47276303.96,0.0028,160766.9599,41.66669846,#N/A N/A,993.955,6.309999943,Semiconductors & Semiconductor,Information Technology,US
INTU UW,INTUIT INC,177100.7165,47276303.96,0.0037,182115.7165,36.36360168,N,5.141,4.599999905,Software,Information Technology,US
INVH UN,INVITATION HOMES,21063.60259,47276303.96,0.0004,28954.59759,30,#N/A N/A,74.303,3.640000105,Residential REITs,Real Estate,US
IP UN,INTL PAPER CO,12149.68469,47276303.96,0.0003,16977.68469,27.27269936,#N/A N/A,5916.058,5.820000172,Containers & Packaging,Materials,US
IPG UN,INTERPUBLIC GRP,11537.83658,47276303.96,0.0002,14321.43658,40,#N/A N/A,18.479,5.429999828,Media,Communication Services,US
IQV UN,IQVIA HOLDINGS I,42389.14498,47276303.96,0.0009,54789.14498,40,#N/A N/A,8.62,3.660000086,Life Sciences Tools & Services,Health Care,US
IR UN,INGERSOLL-RAND I,37543.75276,47276303.96,0.0008,38893.25276,#N/A N/A,#N/A N/A,45.467,5.840000153,Machinery,Industrials,US
IRM UN,IRON MOUNTAIN,22867.35905,47276303.96,0.0005,37610.00105,#N/A N/A,#N/A N/A,138.704,4.789999962,Specialized REITs,Real Estate,US
ISRG UW,INTUITIVE SURGIC,132174.0305,47276303.96,0.0028,127457.7305,41.66669846,#N/A N/A,7.779,3.329999924,Health Care Equipment & Suppli,Health Care,US
IT UN,GARTNER INC,32348.61602,47276303.96,0.0007,34099.81202,33.33330154,#N/A N/A,1.699,3.640000105,IT Services,Information Technology,US
ITW UN,ILLINOIS TOOL WO,73536.13984,47276303.96,0.0016,80903.13984,30,#N/A N/A,126.088,6.269999981,Machinery,Industrials,US
IVZ UN,INVESCO LTD,6441.136,47276303.96,0.0001,15471.336,36.36360168,#N/A N/A,0.67,5.679999828,Capital Markets,Financials,US
J UN,JACOBS SOLUTIONS,18132.69249,47276303.96,0.0004,21266.97849,30.76919937,Y,13.365,5.300000191,Professional Services,Industrials,US
JBHT UW,HUNT (JB) TRANS,16726.10055,47276303.96,0.0004,18028.42155,#N/A N/A,#N/A N/A,1835.89,5.539999962,Ground Transportation,Industrials,US
JBL UN,JABIL INC,14332.99101,47276303.96,0.0003,15018.99101,20,N,53.818,4.829999924,"Electronic Equipment, Instrume",Information Technology,US
JCI UN,JOHNSON CONTROLS,44445.93294,47276303.96,0.0009,55835.93294,36.36360168,#N/A N/A,419.729,6.880000114,Building Products,Industrials,US
JKHY UW,JACK HENRY,11905.12123,47276303.96,0.0003,12197.20923,33.33330154,#N/A N/A,5.113,3.269999981,Financial Services,Financials,US
JNJ UN,JOHNSON&JOHNSON,350358.3582,47276303.96,0.0074,357863.3582,46.15380096,#N/A N/A,426.466,6.420000076,Pharmaceuticals,Health Care,US
JNPR UN,JUNIPER NETWORKS,11394.07567,47276303.96,0.0002,11874.07567,#N/A N/A,#N/A N/A,7.277,4.550000191,Communications Equipment,Information Technology,US
JPM UN,JPMORGAN CHASE,553796.4983,47276303.96,0.0117,#N/A N/A,45.45449829,#N/A N/A,116.773,4.269999981,Banks,Financials,US
K UN,KELLANOVA,19674.1698,47276303.96,0.0004,26120.1698,45.45449829,#N/A N/A,479.07,4.599999905,Food Products,Consumer Staples,US
KDP UW,KEURIG DR PEPPER,45628.6301,47276303.96,0.001,61780.6301,#N/A N/A,#N/A N/A,316.439,5.639999866,Beverages,Consumer Staples,US
KEY UN,KEYCORP,13849.37944,47276303.96,0.0003,#N/A N/A,30.76919937,#N/A N/A,13.977,3.460000038,Banks,Financials,US
KEYS UN,KEYSIGHT TEC,26033.25828,47276303.96,0.0006,26346.25828,27.27269936,#N/A N/A,13.347,5.420000076,"Electronic Equipment, Instrume",Information Technology,US
KHC UW,KRAFT HEINZ CO/T,46856.76856,47276303.96,0.001,66301.76856,33.33330154,#N/A N/A,496.278,4.989999771,Food Products,Consumer Staples,US
KIM UN,KIMCO REALTY,12734.36971,47276303.96,0.0003,20373.64871,25,#N/A N/A,3.749,5.659999847,Retail REITs,Real Estate,US
KLAC UW,KLA CORP,93990.80339,47276303.96,0.002,96520.18739,30,N,6.944,5.260000229,Semiconductors & Semiconductor,Information Technology,US
KMB UN,KIMBERLY-CLARK,46095.47264,47276303.96,0.001,53352.47264,53.84619904,Y,1754.01,7.159999847,Household Products,Consumer Staples,US
KMI UN,KINDER MORGAN IN,40803.38374,47276303.96,0.0009,74201.38374,15.38459969,#N/A N/A,14736.74,5.949999809,"Oil, Gas & Consumable Fuels",Energy,US
KMX UN,CARMAX INC,10749.57035,47276303.96,0.0002,12864.07235,#N/A N/A,#N/A N/A,85.789,3.410000086,Specialty Retail,Consumer Discretionary,US
KO UN,COCA-COLA CO/THE,265892.6832,47276303.96,0.0056,297194.6832,50,#N/A N/A,610.701,5.260000229,Beverages,Consumer Staples,US
KR UN,KROGER CO,39909.33777,47276303.96,0.0008,57259.33777,#N/A N/A,#N/A N/A,2234.614,5.920000076,Consumer Staples Distribution,Consumer Staples,US
KVUE UN,KENVUE INC,36091.12315,47276303.96,0.0008,42537.12315,#N/A N/A,#N/A N/A,158.464,#N/A Field Not Applicable,Personal Care Products,Consumer Staples,US
L UN,LOEWS CORP,16757.52211,47276303.96,0.0004,26566.52211,16.66670036,#N/A N/A,149.77,1.370000005,Insurance,Financials,US
LDOS UN,LEIDOS HOLDINGS,18799.81183,47276303.96,0.0004,23413.81183,25,#N/A N/A,30.888,3.710000038,Professional Services,Industrials,US
LEN UN,LENNAR CORP-A,42251.51907,47276303.96,0.0009,41675.14207,27.27269936,N,140.331,1.789999962,Household Durables,Consumer Discretionary,US
LH UN,LABORATORY CP,17161.33972,47276303.96,0.0004,23045.73972,33.33330154,N,184.668,3.730000019,Health Care Providers & Servic,Health Care,US
LHX UN,L3HARRIS TECHNOL,40811.62497,47276303.96,0.0009,54106.62497,28.57139969,N,74.187,6.199999809,Aerospace & Defense,Industrials,US
LIN UW,LINDE PLC,213391.3505,47276303.96,0.0045,230224.3505,#N/A N/A,#N/A N/A,17377.064,6.260000229,Chemicals,Materials,US
LKQ UW,LKQ CORP,11610.08495,47276303.96,0.0002,16893.08495,33.33330154,#N/A N/A,263.405,5.909999847,Distributors,Consumer Discretionary,US
LLY UN,ELI LILLY & CO,740964.5511,47276303.96,0.0156,763353.9511,41.66669846,#N/A N/A,163.613,5.320000172,Pharmaceuticals,Health Care,US
LMT UN,LOCKHEED MARTIN,111863.9615,47276303.96,0.0024,128491.9615,30.76919937,#N/A N/A,286.205,5.21999979,Aerospace & Defense,Industrials,US
LNT UW,ALLIANT ENERGY,12635.9546,47276303.96,0.0003,22105.9546,33.33330154,#N/A N/A,12837.121,4.900000095,Electric Utilities,Utilities,US
LOW UN,LOWE'S COS INC,130997.7008,47276303.96,0.0028,169914.7008,36.36360168,#N/A N/A,449.49,5.510000229,Specialty Retail,Consumer Discretionary,US
LRCX UW,LAM RESEARCH,118291.2402,47276303.96,0.0025,117602.4592,30,#N/A N/A,495.506,6.28000021,Semiconductors & Semiconductor,Information Technology,US
LULU UW,LULULEMON ATH,45540.58489,47276303.96,0.001,44699.89589,#N/A N/A,#N/A N/A,5.138,4.639999866,"Textiles, Apparel & Luxury Goo",Consumer Discretionary,US
LUV UN,SOUTHWEST AIR,15688.53607,47276303.96,0.0003,14337.53607,20,#N/A N/A,22321.187,6.96999979,Passenger Airlines,Industrials,US
LVS UN,LAS VEGAS SANDS,33314.78331,47276303.96,0.0007,42387.78331,25,#N/A N/A,55.425,7.079999924,"Hotels, Restaurants & Leisure",Consumer Discretionary,US
LW UN,LAMB WESTON,12034.9916,47276303.96,0.0003,15853.4916,20,#N/A N/A,472.547,4.289999962,Food Products,Consumer Staples,US
LYB UN,LYONDELLBASELL-A,32604.55689,47276303.96,0.0007,42992.55689,36.36360168,#N/A N/A,14495.893,6.449999809,Chemicals,Materials,US
LYV UN,LIVE NATION ENTE,20601.00306,47276303.96,0.0004,24305.07506,#N/A N/A,#N/A N/A,197.555,1.549999952,Entertainment,Communication Services,US
MA UN,MASTERCARD INC-A,422805.0856,47276303.96,0.0089,430149.0856,#N/A N/A,Y,4.989,5.019999981,Financial Services,Financials,US
MAA UN,MID-AMERICA APAR,15284.89576,47276303.96,0.0003,20059.59406,30.76919937,#N/A N/A,6.868,3.799999952,Residential REITs,Real Estate,US
MAR UW,MARRIOTT INTL-A,68294.34787,47276303.96,0.0014,80821.34787,46.15380096,Y,1380.462,6.409999847,"Hotels, Restaurants & Leisure",Consumer Discretionary,US
MAS UN,MASCO CORP,15174.83778,47276303.96,0.0003,18287.83778,27.27269936,#N/A N/A,35.187,#N/A Field Not Applicable,Building Products,Industrials,US
MCD UN,MCDONALDS CORP,197360.5809,47276303.96,0.0042,245872.3809,33.33330154,#N/A N/A,113.28,4.340000153,"Hotels, Restaurants & Leisure",Consumer Discretionary,US
MCHP UW,MICROCHIP TECH,50066.94347,47276303.96,0.0011,55481.34347,25,#N/A N/A,423.93,4.71999979,Semiconductors & Semiconductor,Information Technology,US
MCK UN,MCKESSON CORP,70660.86355,47276303.96,0.0015,76657.86355,36.36360168,Y,89.123,4.889999866,Health Care Providers & Servic,Health Care,US
MCO UN,MOODY'S CORP,67607.125,47276303.96,0.0014,71606.125,30,#N/A N/A,0.973,4.71999979,Capital Markets,Financials,US
MDLZ UW,MONDELEZ INTER-A,97172.05077,47276303.96,0.0021,115628.0508,30,#N/A N/A,979.704,6.650000095,Food Products,Consumer Staples,US
MDT UN,MEDTRONIC PLC,106783.4886,47276303.96,0.0023,123848.4886,36.36360168,N,120.413,5.739999771,Health Care Equipment & Suppli,Health Care,US
MET UN,METLIFE INC,51703.18258,47276303.96,0.0011,55903.18258,#N/A N/A,#N/A N/A,14.072,4.739999771,Insurance,Financials,US
META UW,META PLATFORMS-A,1097791.464,47276303.96,0.0232,1077304.464,44.44440079,#N/A N/A,69.654,4.369999886,Interactive Media & Services,Communication Services,US
MGM UN,MGM RESORTS INTE,12658.4361,47276303.96,0.0003,41842.3621,36.36360168,#N/A N/A,238.834,6.639999866,"Hotels, Restaurants & Leisure",Consumer Discretionary,US
MHK UN,MOHAWK INDS,7443.881188,47276303.96,0.0002,9848.381188,11.1111002,#N/A N/A,1904.784,#N/A Field Not Applicable,Household Durables,Consumer Discretionary,US
MKC UN,MCCORMICK-N/V,20462.27561,47276303.96,0.0004,24766.17561,33.33330154,#N/A N/A,36.672,5.139999866,Food Products,Consumer Staples,US
MKTX UW,MARKETAXESS,7617.475182,47276303.96,0.0002,7123.997182,#N/A N/A,#N/A N/A,0.192,5.360000134,Capital Markets,Financials,US
MLM UN,MARTIN MAR MTLS,36414.55284,47276303.96,0.0008,40069.95284,40,#N/A N/A,4455.452,3.289999962,Construction Materials,Materials,US
MMC UN,MARSH & MCLENNAN,98362.49711,47276303.96,0.0021,101031.4971,30.76919937,#N/A N/A,28.645,3.650000095,Insurance,Financials,US
MMM UN,3M CO,52630.18915,47276303.96,0.0011,63526.18915,33.33330154,Y,2170.957,6.190000057,Industrial Conglomerates,Industrials,US
MNST UW,MONSTER BEVERAGE,56022.65171,47276303.96,0.0012,52835.38671,#N/A N/A,#N/A N/A,17.866,4.420000076,Beverages,Consumer Staples,US
MO UN,ALTRIA GROUP INC,75627.09145,47276303.96,0.0016,97111.09145,41.66669846,#N/A N/A,116.475,4.010000229,Tobacco,Consumer Staples,US
MOH UN,MOLINA HEALTHCAR,20166.2,47276303.96,0.0004,13611.2,22.22220039,#N/A N/A,264.783,3,Health Care Providers & Servic,Health Care,US
MOS UN,MOSAIC CO/THE,10163.762,47276303.96,0.0002,13952.362,#N/A N/A,#N/A N/A,2970.594,6.360000134,Chemicals,Materials,US
MPC UN,MARATHON PETROLE,65625.07558,47276303.96,0.0014,93307.07558,18.18180084,#N/A N/A,31908.589,5.440000057,"Oil, Gas & Consumable Fuels",Energy,US
MPWR UW,MONOLITHIC POWER,32856.88042,47276303.96,0.0007,31756.27242,#N/A N/A,#N/A N/A,2.927,3.380000114,Semiconductors & Semiconductor,Information Technology,US
MRK UN,MERCK & CO,328964.3709,47276303.96,0.007,358193.3709,46.15380096,#N/A N/A,703.273,5.840000153,Pharmaceuticals,Health Care,US
MRNA UW,MODERNA INC,42740.85109,47276303.96,0.0009,35379.85109,33.33330154,#N/A N/A,12.089,4.869999886,Biotechnology,Health Care,US
MRO UN,MARATHON OIL,15469.88675,47276303.96,0.0003,20547.88675,37.5,#N/A N/A,2729.913,6.150000095,"Oil, Gas & Consumable Fuels",Energy,US
MS UN,MORGAN STANLEY,148105.81,47276303.96,0.0031,312470.54,30.76919937,#N/A N/A,35.716,5.329999924,Capital Markets,Financials,US
MSCI UN,MSCI INC,37171.20287,47276303.96,0.0008,41318.36287,33.33330154,#N/A N/A,0.165,4.650000095,Capital Markets,Financials,US
MSFT UW,MICROSOFT CORP,2939922.88,47276303.96,0.0622,2966130.88,41.66669846,Y,142.77,5.710000038,Software,Information Technology,US
MSI UN,MOTOROLA SOLUTIO,56734.38536,47276303.96,0.0012,61594.38536,25,#N/A N/A,10.846,4.039999962,Communications Equipment,Information Technology,US
MTB UN,M&T BANK CORP,24275.0144,47276303.96,0.0005,#N/A N/A,23.52939987,#N/A N/A,19.97,2.930000067,Banks,Financials,US
MTCH UW,MATCH GROUP INC,8294.963786,47276303.96,0.0002,11381.22467,#N/A N/A,#N/A N/A,1.109,5.389999866,Interactive Media & Services,Communication Services,US
MTD UN,METTLER-TOLEDO,26349.94947,47276303.96,0.0006,28476.42747,33.33330154,#N/A N/A,27.083,5.289999962,Life Sciences Tools & Services,Health Care,US
MU UW,MICRON TECH,126948.6801,47276303.96,0.0027,131695.6801,50,#N/A N/A,2079.793,5.900000095,Semiconductors & Semiconductor,Information Technology,US
NCLH UN,NORWEGIAN CRUISE,8083.235317,47276303.96,0.0002,22407.61732,#N/A N/A,#N/A N/A,3873.08,4.059999943,"Hotels, Restaurants & Leisure",Consumer Discretionary,US
NDAQ UW,NASDAQ INC,34472.12974,47276303.96,0.0007,44323.12974,#N/A N/A,#N/A N/A,0.088,5.840000153,Capital Markets,Financials,US
NDSN UW,NORDSON CORP,14899.15174,47276303.96,0.0003,16518.89074,22.22220039,#N/A N/A,6.444,3.940000057,Machinery,Industrials,US
NEE UN,NEXTERA ENERGY,136135.2406,47276303.96,0.0029,225178.2406,38.46149826,#N/A N/A,50916.732,6.199999809,Electric Utilities,Utilities,US
NEM UN,NEWMONT CORP,47226.85669,47276303.96,0.001,54520.85669,42.85710144,#N/A N/A,1541.06,7.090000153,Metals & Mining,Materials,US
NFLX UW,NETFLIX INC,238526.1936,47276303.96,0.005,247992.0606,30.76919937,#N/A N/A,49.924,3.539999962,Entertainment,Communication Services,US
NI UN,NISOURCE INC,12540.29669,47276303.96,0.0003,26773.99669,36.36360168,#N/A N/A,4935.943,4.480000019,Multi-Utilities,Utilities,US
NKE UN,NIKE INC -CL B,140189.246,47276303.96,0.003,141717.246,33.33330154,#N/A N/A,55.47,4.869999886,"Textiles, Apparel & Luxury Goo",Consumer Discretionary,US
NOC UN,NORTHROP GRUMMAN,72151.02949,47276303.96,0.0015,85662.02949,46.15380096,#N/A N/A,294.053,4.510000229,Aerospace & Defense,Industrials,US
NOW UN,SERVICENOW INC,143196.1766,47276303.96,0.003,140359.1766,36.36360168,#N/A N/A,2.672,5.010000229,Software,Information Technology,US
NRG UN,NRG ENERGY,15204.25577,47276303.96,0.0003,26284.25577,41.66669846,#N/A N/A,33559.162,4.78000021,Electric Utilities,Utilities,US
NSC UN,NORFOLK SOUTHERN,52432.38676,47276303.96,0.0011,69363.38676,23.07690048,N,3918.231,5.170000076,Ground Transportation,Industrials,US
NTAP UW,NETAPP INC,21139.16139,47276303.96,0.0004,20878.16139,33.33330154,N,3.026,4.71999979,"Technology Hardware, Storage &",Information Technology,US
NTRS UW,NORTHERN TRUST,16974.97534,47276303.96,0.0004,#N/A N/A,25,N,7.8,3.829999924,Capital Markets,Financials,US
NUE UN,NUCOR CORP,40892.58297,47276303.96,0.0009,43236.90297,33.33330154,#N/A N/A,5241.391,6.010000229,Metals & Mining,Materials,US
NVDA UW,NVIDIA CORP,2173375,47276303.96,0.046,2158447,#N/A N/A,#N/A N/A,16.192,6.590000153,Semiconductors & Semiconductor,Information Technology,US
NVR UN,NVR INC,23720.22132,47276303.96,0.0005,21859.70732,30,#N/A N/A,49.113,1.580000043,Household Durables,Consumer Discretionary,US
NWS UW,NEWS CORP-CL B,13770.20241,47276303.96,0.0003,17209.20241,37.5,N,15.354,3.559999943,Media,Communication Services,US
NWSA UW,NEWS CORP-CL A,13772.10253,47276303.96,0.0003,17211.10253,37.5,N,15.354,3.559999943,Media,Communication Services,US
NXPI UW,NXP SEMICONDUCTO,65201.92099,47276303.96,0.0014,72392.92099,40,#N/A N/A,566.224,5.960000038,Semiconductors & Semiconductor,Information Technology,CN
O UN,REALTY INCOME,46450.41913,47276303.96,0.001,68372.69313,33.33330154,#N/A N/A,0.043,5.289999962,Retail REITs,Real Estate,US
ODFL UW,OLD DOMINION FRT,39945.40932,47276303.96,0.0008,39444.41532,20,#N/A N/A,1365.113,4.619999886,Ground Transportation,Industrials,US
OKE UN,ONEOK INC,46183.40701,47276303.96,0.001,67609.40701,25,#N/A N/A,3588.638,4.960000038,"Oil, Gas & Consumable Fuels",Energy,US
OMC UN,OMNICOM GROUP,18388.78171,47276303.96,0.0004,23298.78171,60,#N/A N/A,31.953,5.309999943,Media,Communication Services,US
ON UW,ON SEMICONDUCTOR,30559.37108,47276303.96,0.0006,31614.27108,30,#N/A N/A,698.711,6.050000191,Semiconductors & Semiconductor,Information Technology,US
ORCL UN,ORACLE CORP,313880.2988,47276303.96,0.0066,392515.2988,33.33330154,N,10.434,3.640000105,Software,Information Technology,US
ORLY UW,O'REILLY AUTOMOT,59955.91785,47276303.96,0.0013,67454.73085,30,#N/A N/A,196.666,3.24000001,Specialty Retail,Consumer Discretionary,US
OTIS UN,OTIS WORLDWI,37068.31531,47276303.96,0.0008,43557.31531,45.45449829,#N/A N/A,124.874,4.5,Machinery,Industrials,US
OXY UN,OCCIDENTAL PETE,58944.0524,47276303.96,0.0012,89174.0524,#N/A N/A,#N/A N/A,17110.346,5.710000038,"Oil, Gas & Consumable Fuels",Energy,US
PANW UW,PALO ALTO NETWOR,94858.929,47276303.96,0.002,90052.829,40,#N/A N/A,1.297,5.590000153,Software,Information Technology,US
PARA UW,PARAMOUNT GLOB-B,8174.170999,47276303.96,0.0002,22040.171,#N/A N/A,#N/A N/A,265.474,3.75999999,Media,Communication Services,US
PAYC UN,PAYCOM SOFTWARE,11133.41221,47276303.96,0.0002,10915.33621,28.57139969,N,0.399,3.329999924,Professional Services,Industrials,US
PAYX UW,PAYCHEX INC,42911.22988,47276303.96,0.0009,42049.82988,25,#N/A N/A,2.683,4.5,Professional Services,Industrials,US
PCAR UW,PACCAR INC,55304.09561,47276303.96,0.0012,46644.79561,25,#N/A N/A,137.567,4.440000057,Machinery,Industrials,US
PCG UN,PG&E CORP,36696.34071,47276303.96,0.0008,94496.34071,26.66670036,#N/A N/A,3962.824,6.659999847,Electric Utilities,Utilities,US
PEG UN,PUB SERV ENTERP,34462.30552,47276303.96,0.0007,54814.30552,40,#N/A N/A,1837.831,5.619999886,Multi-Utilities,Utilities,US
PEP UW,PEPSICO INC,241467.4095,47276303.96,0.0051,279128.4095,33.33330154,#N/A N/A,3562.168,5.510000229,Beverages,Consumer Staples,US
PFE UN,PFIZER INC,144981.0361,47276303.96,0.0031,207606.0361,33.33330154,#N/A N/A,546.474,5.190000057,Pharmaceuticals,Health Care,US
PFG UW,PRINCIPAL FINL,18736.75001,47276303.96,0.0004,18966.25001,41.66669846,Y,3.332,2.809999943,Insurance,Financials,US
PG UN,PROCTER & GAMBLE,383828.8009,47276303.96,0.0081,410058.8009,46.15380096,#N/A N/A,2152.929,5.159999847,Household Products,Consumer Staples,US
PGR UN,PROGRESSIVE CORP,122270.732,47276303.96,0.0026,129745.532,50,#N/A N/A,55.059,2.089999914,Insurance,Financials,US
PH UN,PARKER HANNIFIN,70542.50264,47276303.96,0.0015,81948.29864,33.33330154,#N/A N/A,138.341,4.849999905,Machinery,Industrials,US
PHM UN,PULTEGROUP INC,23772.86561,47276303.96,0.0005,24565.60761,20,#N/A N/A,6.781,3.430000067,Household Durables,Consumer Discretionary,US
PKG UN,PACKAGING CORP,15601.17082,47276303.96,0.0003,17568.77082,20,#N/A N/A,1744.077,5.409999847,Containers & Packaging,Materials,US
PLD UN,PROLOGIS INC,95491.55016,47276303.96,0.002,129219.0412,27.27269936,#N/A N/A,5.521,5.260000229,Industrial REITs,Real Estate,US
PM UN,PHILIP MORRIS IN,148879.9206,47276303.96,0.0031,197044.9206,25,#N/A N/A,294.855,6.53000021,Tobacco,Consumer Staples,US
PNC UN,PNC FINANCIAL SE,61280.12434,47276303.96,0.0013,#N/A N/A,33.33330154,#N/A N/A,41.33,4.739999771,Banks,Financials,US
PNR UN,PENTAIR PLC,13240.46368,47276303.96,0.0003,15337.76368,40,N,46.916,4.400000095,Machinery,Industrials,US
PNW UN,PINNACLE WEST,8411.189433,47276303.96,0.0002,18816.62643,40,#N/A N/A,11474.525,5.53000021,Electric Utilities,Utilities,US
PODD UW,INSULET CORP,12129.99646,47276303.96,0.0003,12874.59646,55.55559921,#N/A N/A,1.796,5.429999828,Health Care Equipment & Suppli,Health Care,US
POOL UW,POOL CORP,13939.794,47276303.96,0.0003,15165.889,22.22220039,#N/A N/A,0.338,2.660000086,Distributors,Consumer Discretionary,US
PPG UN,PPG INDS INC,30507.51174,47276303.96,0.0006,36500.51174,27.27269936,#N/A N/A,381.646,4.909999847,Chemicals,Materials,US
PPL UN,PPL CORP,20322.5194,47276303.96,0.0004,35679.5194,40,#N/A N/A,27248.791,5.429999828,Electric Utilities,Utilities,US
PRU UN,PRUDENTL FINL,39826.50778,47276303.96,0.0008,47717.50778,50,#N/A N/A,12.459,3.849999905,Insurance,Financials,US
PSA UN,PUBLIC STORAGE,46077.86986,47276303.96,0.001,59254.91286,30.76919937,N,29.036,4.650000095,Specialized REITs,Real Estate,US
PSX UN,PHILLIPS 66,61311.95776,47276303.96,0.0013,80962.95776,38.46149826,#N/A N/A,28404.996,5.019999981,"Oil, Gas & Consumable Fuels",Energy,US
PTC UW,PTC INC,21237.28922,47276303.96,0.0004,23423.17222,30,#N/A N/A,1.815,5.400000095,Software,Information Technology,US
PWR UN,QUANTA SERVICES,37721.29248,47276303.96,0.0008,40905.85548,30,#N/A N/A,706.923,3.859999895,Construction & Engineering,Industrials,US
PXD UN,PIONEER NATURAL,63494.09183,47276303.96,0.0013,69014.09183,#N/A N/A,#N/A N/A,2786.751,5,"Oil, Gas & Consumable Fuels",Energy,US
PYPL UW,PAYPAL HOLDINGS,71727.11698,47276303.96,0.0015,67903.11698,33.33330154,#N/A N/A,4.572,5.110000134,Financial Services,Financials,US
QCOM UW,QUALCOMM INC,186773.76,47276303.96,0.004,190199.76,33.33330154,#N/A N/A,111.276,7.519999981,Semiconductors & Semiconductor,Information Technology,US
QRVO UW,QORVO INC,11366.64996,47276303.96,0.0002,12325.06496,22.22220039,#N/A N/A,159.685,4.900000095,Semiconductors & Semiconductor,Information Technology,US
RCL UN,ROYAL CARIBBEAN,36422.63171,47276303.96,0.0008,57344.63171,#N/A N/A,#N/A N/A,6912.916,4.900000095,"Hotels, Restaurants & Leisure",Consumer Discretionary,US
REG UW,REGENCY CENTERS,11333.23164,47276303.96,0.0002,16026.13764,36.36360168,#N/A N/A,2.161,5.769999981,Retail REITs,Real Estate,US
REGN UW,REGENERON PHARM,98087.62074,47276303.96,0.0021,84549.22074,30.76919937,#N/A N/A,58.673,3.660000086,Biotechnology,Health Care,US
RF UN,REGIONS FINANCIA,17871.90573,47276303.96,0.0004,#N/A N/A,38.46149826,#N/A N/A,6.456,3.599999905,Banks,Financials,US
RHI UN,ROBERT HALF INC,7282.516914,47276303.96,0.0002,6792.675914,33.33330154,#N/A N/A,3.961,6.880000114,Professional Services,Industrials,US
RJF UN,RAYMOND JAMES,25321.695,47276303.96,0.0005,19716.695,25,#N/A N/A,0.501,2.769999981,Capital Markets,Financials,US
RL UN,RALPH LAUREN COR,10531.0961,47276303.96,0.0002,11369.7961,38.46149826,Y,11.731,4.619999886,"Textiles, Apparel & Luxury Goo",Consumer Discretionary,US
RMD UN,RESMED INC,31351.46705,47276303.96,0.0007,32281.00205,30,#N/A N/A,4.222,4.53000021,Health Care Equipment & Suppli,Health Care,US
ROK UN,ROCKWELL AUTOMAT,31330.60474,47276303.96,0.0007,34813.40474,27.27269936,Y,29.09,6.190000057,Electrical Equipment,Industrials,US
ROL UN,ROLLINS INC,21722.57556,47276303.96,0.0005,22464.52156,27.27269936,#N/A N/A,43.381,1.99000001,Commercial Services & Supplies,Industrials,US
ROP UW,ROPER TECHNOLOGI,54762.25757,47276303.96,0.0012,62285.85757,#N/A N/A,#N/A N/A,4.482,4.809999943,Software,Information Technology,US
ROST UW,ROSS STORES INC,43408.403,47276303.96,0.0009,44283.661,41.66669846,#N/A N/A,30.003,1.980000019,Specialty Retail,Consumer Discretionary,US
RSG UN,REPUBLIC SVCS,60553.92799,47276303.96,0.0013,73484.22799,33.33330154,#N/A N/A,13693.688,5.849999905,Commercial Services & Supplies,Industrials,US
RTX UN,RTX CORP,135516.5479,47276303.96,0.0029,175815.5479,30.76919937,#N/A N/A,494.543,4.690000057,Aerospace & Defense,Industrials,US
RVTY UN,REVVITY INC,12772.46649,47276303.96,0.0003,15080.69349,33.33330154,#N/A N/A,7.063,4.429999828,Life Sciences Tools & Services,Health Care,US
SBAC UW,SBA COMM CORP,20424.67951,47276303.96,0.0004,34653.49151,33.33330154,#N/A N/A,12.02,4.380000114,Specialized REITs,Real Estate,US
SBUX UW,STARBUCKS CORP,100318.581,47276303.96,0.0021,121405.781,28.57139969,Y,514.679,3.769999981,"Hotels, Restaurants & Leisure",Consumer Discretionary,US
SCHW UN,SCHWAB (CHARLES),134948.5763,47276303.96,0.0029,158448.5763,29.41180038,#N/A N/A,9.295,3.420000076,Capital Markets,Financials,US
SHW UN,SHERWIN-WILLIAMS,76789.7588,47276303.96,0.0016,89293.8588,36.36360168,#N/A N/A,433.258,4.440000057,Chemicals,Materials,US
SJM UN,JM SMUCKER CO,12198.50894,47276303.96,0.0003,20902.80894,33.33330154,#N/A N/A,249.381,4.679999828,Food Products,Consumer Staples,US
SLB UN,SCHLUMBERGER LTD,68894.0783,47276303.96,0.0015,78745.78492,27.27269936,Y,1558.256,6.190000057,Energy Equipment & Services,Energy,US
SMCI UW,SUPER MICRO COMP,50753.86428,47276303.96,0.0011,50421.87728,22.22220039,N,4.349,1.690000057,"Technology Hardware, Storage &",Information Technology,US
SNA UN,SNAP-ON INC,14218.19267,47276303.96,0.0003,14400.19267,20,#N/A N/A,40.881,2.940000057,Machinery,Industrials,US
SNPS UW,SYNOPSYS INC,81632.99299,47276303.96,0.0017,81065.15199,30,#N/A N/A,5.758,5.389999866,Software,Information Technology,US
SO UN,SOUTHERN CO,81396.94104,47276303.96,0.0017,147919.941,26.66670036,#N/A N/A,86802.229,5.710000038,Electric Utilities,Utilities,US
SOLV UN,SOLVENTUM,11334.90316,47276303.96,0.0002,11238.90316,#N/A N/A,#N/A N/A,143.559,#N/A Field Not Applicable,Health Care Equipment & Suppli,Health Care,US
SPG UN,SIMON PROPERTY,46497.66364,47276303.96,0.001,72552.82664,23.07690048,#N/A N/A,24.228,3.930000067,Retail REITs,Real Estate,US
SPGI UN,S&P GLOBAL INC,132461.4345,47276303.96,0.0028,147172.4345,38.46149826,#N/A N/A,3.588,5.659999847,Capital Markets,Financials,US
SRE UN,SEMPRA,45451.57896,47276303.96,0.001,82675.57896,22.22220039,#N/A N/A,8472.448,5.559999943,Multi-Utilities,Utilities,US
STE UN,STERIS PLC,20220.31598,47276303.96,0.0004,23546.48498,22.22220039,#N/A N/A,63.838,4.329999924,Health Care Equipment & Suppli,Health Care,US
STLD UW,STEEL DYNAMICS,20805.55336,47276303.96,0.0004,22126.17036,27.27269936,#N/A N/A,2296.288,6.429999828,Metals & Mining,Materials,US
STT UN,STATE ST CORP,22018.87144,47276303.96,0.0005,#N/A N/A,33.33330154,#N/A N/A,7.997,4.75,Capital Markets,Financials,US
STX UW,SEAGATE TECHNOLO,18103.11221,47276303.96,0.0004,22979.11221,25,Y,234.766,4.139999866,"Technology Hardware, Storage &",Information Technology,US
STZ UN,CONSTELLATION-A,46571.13831,47276303.96,0.001,59297.83831,#N/A N/A,#N/A N/A,306.868,4.590000153,Beverages,Consumer Staples,US
SWK UN,STANLEY BLACK &,14139.02402,47276303.96,0.0003,21373.12402,45.45449829,#N/A N/A,154.261,5.150000095,Machinery,Industrials,US
SWKS UW,SKYWORKS SOLUTIO,17242.95687,47276303.96,0.0004,17406.95687,33.33330154,N,35.99,5.349999905,Semiconductors & Semiconductor,Information Technology,US
SYF UN,SYNCHRONY FINANC,17772.3235,47276303.96,0.0004,15134.3235,#N/A N/A,#N/A N/A,0.279,4.329999924,Consumer Finance,Financials,US
SYK UN,STRYKER CORP,128180.2857,47276303.96,0.0027,138621.2857,40,#N/A N/A,67.35,5.809999943,Health Care Equipment & Suppli,Health Care,US
SYY UN,SYSCO CORP,37342.2094,47276303.96,0.0008,49382.7974,27.27269936,#N/A N/A,1102.787,3.769999981,Consumer Staples Distribution,Consumer Staples,US
T UN,AT&T INC,121567.35,47276303.96,0.0026,284157.35,30,#N/A N/A,962.376,5.579999924,Diversified Telecommunication,Communication Services,US
TAP UN,MOLSON COORS-B,12359.16644,47276303.96,0.0003,18164.06644,28.57139969,#N/A N/A,630.623,4.050000191,Beverages,Consumer Staples,US
TDG UN,TRANSDIGM GROUP,69675.75716,47276303.96,0.0015,87738.75716,16.66670036,#N/A N/A,39.887,3.470000029,Aerospace & Defense,Industrials,US
TDY UN,TELEDYNE TECH,18178.46309,47276303.96,0.0004,20517.56309,27.27269936,#N/A N/A,64.904,2.190000057,"Electronic Equipment, Instrume",Information Technology,US
TECH UW,BIO-TECHNE CORP,10044.54867,47276303.96,0.0002,10458.308,22.22220039,#N/A N/A,2.516,2.99000001,Life Sciences Tools & Services,Health Care,US
TEL UN,TE CONNECTIVITY,43570.19013,47276303.96,0.0009,46701.19013,33.33330154,Y,60.001,4.539999962,"Electronic Equipment, Instrume",Information Technology,US
TER UW,TERADYNE INC,17992.75718,47276303.96,0.0004,17205.10318,25,#N/A N/A,3.881,4.909999847,Semiconductors & Semiconductor,Information Technology,US
TFC UN,TRUIST FINANCIAL,50753.98128,47276303.96,0.0011,#N/A N/A,33.33330154,#N/A N/A,18.236,3.720000029,Banks,Financials,US
TFX UN,TELEFLEX INC,9822.494258,47276303.96,0.0002,11545.51926,33.33330154,#N/A N/A,59.627,4.900000095,Health Care Equipment & Suppli,Health Care,US
TGT UN,TARGET CORP,74359.82458,47276303.96,0.0016,90200.82458,#N/A N/A,#N/A N/A,912.512,4.889999866,Consumer Staples Distribution,Consumer Staples,US
TJX UN,TJX COS INC,106862.0963,47276303.96,0.0023,113804.0963,50,#N/A N/A,140.113,3.329999924,Specialty Retail,Consumer Discretionary,US
TMO UN,THERMO FISHER,218217.3847,47276303.96,0.0046,246694.3847,33.33330154,#N/A N/A,380.209,4.139999866,Life Sciences Tools & Services,Health Care,US
TMUS UW,T-MOBILE US INC,192207.5356,47276303.96,0.0041,301161.5356,#N/A N/A,#N/A N/A,93.769,5.320000172,Wireless Telecommunication Ser,Communication Services,US
TPR UN,TAPESTRY INC,9257.217975,47276303.96,0.0002,11134.61798,50,Y,8.38,4.210000038,"Textiles, Apparel & Luxury Goo",Consumer Discretionary,US
TRGP UN,TARGA RESOURCES,25645.01432,47276303.96,0.0005,40405.81432,27.27269936,#N/A N/A,8881.952,4.630000114,"Oil, Gas & Consumable Fuels",Energy,US
TRMB UW,TRIMBLE INC,14679.3195,47276303.96,0.0003,17667.1195,22.22220039,#N/A N/A,5.882,3.730000019,"Electronic Equipment, Instrume",Information Technology,US
TROW UW,T ROWE PRICE GRP,24587.55232,47276303.96,0.0005,23355.25232,30.76919937,#N/A N/A,1.097,6.239999771,Capital Markets,Financials,US
TRV UN,TRAVELERS COS IN,48670.25554,47276303.96,0.001,56035.25554,35.71429825,#N/A N/A,15.143,2.460000038,Insurance,Financials,US
TSCO UW,TRACTOR SUPPLY,29599.33503,47276303.96,0.0006,34419.67203,44.44440079,#N/A N/A,71.771,6.210000038,Specialty Retail,Consumer Discretionary,US
TSLA UW,TESLA INC,591404.5372,47276303.96,0.0125,575095.0774,#N/A N/A,#N/A N/A,208.472,5.610000134,Automobiles,Consumer Discretionary,US
TSN UN,TYSON FOODS-A,21637.47048,47276303.96,0.0005,29969.47048,35.71429825,#N/A N/A,3883.601,4.25,Food Products,Consumer Staples,US
TT UN,TRANE TECHNOLOGI,72133.9943,47276303.96,0.0015,76164.8943,#N/A N/A,#N/A N/A,196.577,4.920000076,Building Products,Industrials,US
TTWO UW,TAKE-TWO INTERAC,24451.70442,47276303.96,0.0005,27055.60442,30,#N/A N/A,1.348,3.150000095,Entertainment,Communication Services,US
TXN UW,TEXAS INSTRUMENT,161974.7738,47276303.96,0.0034,165843.6123,33.33330154,#N/A N/A,1124.528,5.090000153,Semiconductors & Semiconductor,Information Technology,US
TXT UN,TEXTRON INC,16224.67032,47276303.96,0.0003,21264.67032,30,#N/A N/A,279.042,3.960000038,Aerospace & Defense,Industrials,US
TYL UN,TYLER TECHNOLOG,19739.15184,47276303.96,0.0004,20187.62384,25,N,1.056,5,Software,Information Technology,US
UAL UW,UNITED AIRLINES,17087.89638,47276303.96,0.0004,35381.89638,25,#N/A N/A,31763.115,4.179999828,Passenger Airlines,Industrials,US
UBER UN,UBER TECHNOLOGIE,139505.1006,47276303.96,0.003,147208.1006,36.36360168,#N/A N/A,1.765,5.860000134,Ground Transportation,Industrials,US
UDR UN,UDR INC,12636.3619,47276303.96,0.0003,19623.8969,30,N,15.451,6.289999962,Residential REITs,Real Estate,US
UHS UN,UNIVERSAL HLTH-B,11479.81185,47276303.96,0.0002,16729.05185,42.85710144,#N/A N/A,151.422,1.850000024,Health Care Providers & Servic,Health Care,US
ULTA UW,ULTA BEAUTY INC,19317.81467,47276303.96,0.0004,20462.31267,#N/A N/A,#N/A N/A,11.317,6.320000172,Specialty Retail,Consumer Discretionary,US
UNH UN,UNITEDHEALTH GRP,445419.8644,47276303.96,0.0094,490894.8644,#N/A N/A,#N/A N/A,270.5,6.340000153,Health Care Providers & Servic,Health Care,US
UNP UN,UNION PAC CORP,145190.7614,47276303.96,0.0031,177511.7614,33.33330154,#N/A N/A,10492.086,4.940000057,Ground Transportation,Industrials,US
UPS UN,UNITED PARCEL-B,126316.9307,47276303.96,0.0027,146224.9307,41.66669846,#N/A N/A,15517.096,3.720000029,Air Freight & Logistics,Industrials,US
URI UN,UNITED RENTALS,45098.02738,47276303.96,0.001,58040.02738,30,N,427.811,2.940000057,Trading Companies & Distributo,Industrials,US
USB UN,US BANCORP,63605.35,47276303.96,0.0013,#N/A N/A,38.46149826,#N/A N/A,53.064,4.809999943,Banks,Financials,US
V UN,VISA INC-CLASS A,555671.2471,47276303.96,0.0118,552112.2471,33.33330154,#N/A N/A,7.221,5.5,Financial Services,Financials,US
VICI UN,VICI PROPERTIES,30000.62101,47276303.96,0.0006,46619.25001,42.85710144,N,1.044,3.680000067,Specialized REITs,Real Estate,US
VLO UN,VALERO ENERGY,53064.97303,47276303.96,0.0011,61811.97303,33.33330154,#N/A N/A,28731.832,5.039999962,"Oil, Gas & Consumable Fuels",Energy,US
VLTO UN,VERALTO CORP,23435.63206,47276303.96,0.0005,25232.63206,#N/A N/A,#N/A N/A,28.288,#N/A Field Not Applicable,Commercial Services & Supplies,Industrials,US
VMC UN,VULCAN MATERIALS,34153.86559,47276303.96,0.0007,37708.86559,33.33330154,#N/A N/A,799.631,#N/A Field Not Applicable,Construction Materials,Materials,US
VRSK UW,VERISK ANALYTI,31396.649,47276303.96,0.0007,34201.549,40,#N/A N/A,2.267,3.950000048,Professional Services,Industrials,US
VRSN UW,VERISIGN INC,17175.75758,47276303.96,0.0004,18041.75758,25,#N/A N/A,21.507,2.869999886,IT Services,Information Technology,US
VRTX UW,VERTEX PHARM,101832.9811,47276303.96,0.0022,88925.28114,36.36360168,#N/A N/A,9.655,3.220000029,Biotechnology,Health Care,US
VTR UN,VENTAS INC,18065.02288,47276303.96,0.0004,31600.84188,36.36360168,#N/A N/A,135.109,5.690000057,Health Care REITs,Real Estate,US
VTRS UW,VIATRIS INC,13805.49136,47276303.96,0.0003,31156.49136,#N/A N/A,#N/A N/A,340.365,3.980000019,Pharmaceuticals,Health Care,US
VZ UN,VERIZON COMMUNIC,167107.4193,47276303.96,0.0035,341768.4193,33.33330154,#N/A N/A,304.184,5.239999771,Diversified Telecommunication,Communication Services,US
WAB UN,WABTEC CORP,28606.10989,47276303.96,0.0006,32300.10989,33.33330154,#N/A N/A,125.348,4.170000076,Machinery,Industrials,US
WAT UN,WATERS CORP,18346.88178,47276303.96,0.0004,20393.17178,22.22220039,#N/A N/A,14.253,4.78000021,Life Sciences Tools & Services,Health Care,US
WBA UW,WALGREENS BOOTS,15399.43358,47276303.96,0.0003,51238.43358,36.36360168,Y,300.723,4.190000057,Consumer Staples Distribution,Consumer Staples,US
WBD UW,WARNER BROS DISC,18241.21606,47276303.96,0.0004,62992.21606,#N/A N/A,N,549.86,1.590000033,Entertainment,Communication Services,US
WDC UW,WESTERN DIGITAL,23242.02587,47276303.96,0.0005,29992.02587,33.33330154,#N/A N/A,43.807,4.489999771,"Technology Hardware, Storage &",Information Technology,US
WEC UN,WEC ENERGY GROUP,26153.73795,47276303.96,0.0006,45299.53795,33.33330154,#N/A N/A,21427.82,5.670000076,Multi-Utilities,Utilities,US
WELL UN,WELLTOWER INC,57908.18368,47276303.96,0.0012,71106.12568,40,#N/A N/A,226.928,4.860000134,Health Care REITs,Real Estate,US
WFC UN,WELLS FARGO & CO,209121.524,47276303.96,0.0044,#N/A N/A,38.46149826,#N/A N/A,94.284,5.079999924,Banks,Financials,US
WM UN,WASTE MANAGEMENT,83982.78989,47276303.96,0.0018,99754.78989,33.33330154,#N/A N/A,15018.313,4.900000095,Commercial Services & Supplies,Industrials,US
WMB UN,WILLIAMS COS INC,47213.96743,47276303.96,0.001,73472.96743,25,#N/A N/A,11400.893,5.860000134,"Oil, Gas & Consumable Fuels",Energy,US
WMT UN,WALMART INC,478406.3498,47276303.96,0.0101,536570.3498,27.27269936,#N/A N/A,8316.419,3.910000086,Consumer Staples Distribution,Consumer Staples,US
WRB UN,WR BERKLEY CORP,19779.9279,47276303.96,0.0004,21496.46286,#N/A N/A,#N/A N/A,8.713,1.580000043,Insurance,Financials,US
WRK UN,WESTROCK CO,12383.36258,47276303.96,0.0003,21309.06258,33.33330154,#N/A N/A,6048.502,5.949999809,Containers & Packaging,Materials,US
WST UN,WEST PHARMACEUT,26408.55814,47276303.96,0.0006,26113.35814,27.27269936,#N/A N/A,31.113,3.049999952,Life Sciences Tools & Services,Health Care,US
WTW UW,WILLIS TOWERS WA,25720.52357,47276303.96,0.0005,30556.52357,40,N,9.837,4.619999886,Insurance,Financials,US
WY UN,WEYERHAEUSER CO,22242.3629,47276303.96,0.0005,26442.3629,40,#N/A N/A,359,5.880000114,Specialized REITs,Real Estate,US
WYNN UW,WYNN RESORTS LTD,10444.62846,47276303.96,0.0002,19263.49146,44.44440079,#N/A N/A,282.223,5.25,"Hotels, Restaurants & Leisure",Consumer Discretionary,US
XEL UW,XCEL ENERGY INC,29976.74773,47276303.96,0.0006,58094.74773,30.76919937,#N/A N/A,36595.724,5.420000076,Electric Utilities,Utilities,US
XOM UN,EXXON MOBIL CORP,469927.5583,47276303.96,0.0099,484731.2681,25,#N/A N/A,90363.219,5.579999924,"Oil, Gas & Consumable Fuels",Energy,US
XYL UN,XYLEM INC,31841.16339,47276303.96,0.0007,33580.16339,33.33330154,#N/A N/A,37.63,5.940000057,Machinery,Industrials,US
YUM UN,YUM! BRANDS INC,39871.66,47276303.96,0.0008,51390.66,33.33330154,#N/A N/A,37.12,6,"Hotels, Restaurants & Leisure",Consumer Discretionary,US
ZBH UN,ZIMMER BIOMET HO,24837.7259,47276303.96,0.0005,30424.8259,30,#N/A N/A,10.06,5.170000076,Health Care Equipment & Suppli,Health Care,US
ZBRA UW,ZEBRA TECH CORP,15954.44131,47276303.96,0.0003,18065.44131,30,#N/A N/A,2.09,3.319999933,"Electronic Equipment, Instrume",Information Technology,US
ZTS UN,ZOETIS INC,73134.40016,47276303.96,0.0015,77842.40016,41.66669846,#N/A N/A,121.885,5.789999962,Pharmaceuticals,Health Care,US
