ISIN,Ticker,Name,Mkt Cap,% Women on Bd,UN Glob Comp Sign,GHG Scp 1 Est,ESG Scr,GICS Ind Name,GICS Sector,Curncy
NL0009434992,LYB UN,LYONDELLBASELL INDU-CL A,32614575570,36.36360168,,14495.893,6.449999809,Chemicals,Materials,USD
US0258161092,AXP UN,AMERICAN EXPRESS CO,1.71647E+11,28.57139969,,25.789,4.170000076,Consumer Finance,Financials,USD
US92343V1044,VZ UN,VERIZON COMMUNICATIONS INC,1.6735E+11,33.33330154,,304.184,5.239999771,Diversified Telecommunication,Communication Services,USD
US11135F1012,AVGO UW,BROADCOM INC,5.82247E+11,33.33330154,,118.19,4.730000019,Semiconductors & Semiconductor,Information Technology,USD
US0970231058,BA UN,BOEING CO/THE,1.03186E+11,30.76919937,,685.716,4.539999962,Aerospace & Defense,Industrials,USD
US83444M1018,SOLV UN,SOLVENTUM CORP,10925582411,,,143.559,#N/A Field Not Applicable,Health Care Equipment & Suppli,Health Care,USD
US1491231015,CAT UN,CATERPILLAR INC,1.81539E+11,,,662.499,4.610000134,Machinery,Industrials,USD
US46625H1005,JPM UN,JPMORGAN CHASE & CO,5.50838E+11,45.45449829,,116.707,4.269999981,Banks,Financials,USD
US1667641005,CVX UN,CHEVRON CORP,2.9982E+11,50,,51635.677,5.440000057,"Oil, Gas & Consumable Fuels",Energy,USD
US1912161007,KO UN,COCA-COLA CO/THE,2.61301E+11,50,,610.701,5.260000229,Beverages,Consumer Staples,USD
US00287Y1091,ABBV UN,ABBVIE INC,2.99771E+11,30.76919937,,324.036,4.829999924,Biotechnology,Health Care,USD
US2546871060,DIS UN,WALT DISNEY CO/THE,2.08875E+11,,,910.889,4.300000191,Entertainment,Communication Services,USD
US2199481068,CPAY UN,CORPAY INC,22048276853,,,36.454,2.029999971,Financial Services,Financials,USD
US30225T1025,EXR UN,EXTRA SPACE STORAGE INC,28293645207,30,,20.984,4.809999943,Specialized REITs,Real Estate,USD
US30231G1022,XOM UN,EXXON MOBIL CORP,4.78118E+11,25,,90363.219,5.579999924,"Oil, Gas & Consumable Fuels",Energy,USD
US7185461040,PSX UN,PHILLIPS 66,67403441716,38.46149826,,28404.996,5.019999981,"Oil, Gas & Consumable Fuels",Energy,USD
US3696043013,GE UN,GENERAL ELECTRIC CO,1.77906E+11,33.33330154,,685.623,5.940000057,Aerospace & Defense,Industrials,USD
US40434L1052,HPQ UN,HP INC,27167532767,42.85710144,,47.882,3.940000057,"Technology Hardware, Storage &",Information Technology,USD
US4370761029,HD UN,HOME DEPOT INC,3.36296E+11,30.76919937,,597.173,5.809999943,Specialty Retail,Consumer Discretionary,USD
US6098391054,MPWR UW,MONOLITHIC POWER SYSTEMS INC,29934787370,,,2.927,3.380000114,Semiconductors & Semiconductor,Information Technology,USD
US4592001014,IBM UN,INTL BUSINESS MACHINES CORP,1.67783E+11,21.42860031,,69.668,5.159999847,IT Services,Information Technology,USD
US4781601046,JNJ UN,JOHNSON & JOHNSON,3.60937E+11,46.15380096,,426.466,6.420000076,Pharmaceuticals,Health Care,USD
US5500211090,LULU UW,LULULEMON ATHLETICA INC,46129042685,,,5.138,4.639999866,"Textiles, Apparel & Luxury Goo",Consumer Discretionary,USD
US5801351017,MCD UN,MCDONALD'S CORP,1.99711E+11,33.33330154,,113.28,4.340000153,"Hotels, Restaurants & Leisure",Consumer Discretionary,USD
US58933Y1055,MRK UN,MERCK & CO. INC.,3.21365E+11,46.15380096,,703.273,5.840000153,Pharmaceuticals,Health Care,USD
US88579Y1010,MMM UN,3M CO,51529000252,33.33330154,Y,2170.957,6.190000057,Industrial Conglomerates,Industrials,USD
US0304201033,AWK UN,AMERICAN WATER WORKS CO INC,23370638400,60,,71.318,4.320000172,Water Utilities,Utilities,USD
US0605051046,BAC UN,BANK OF AMERICA CORP,3.01224E+11,38.46149826,Y,83.618,5.260000229,Banks,Financials,USD
US7170811035,PFE UN,PFIZER INC,1.48595E+11,33.33330154,,546.474,5.190000057,Pharmaceuticals,Health Care,USD
US7427181091,PG UN,PROCTER & GAMBLE CO/THE,3.81256E+11,46.15380096,,2152.929,5.159999847,Household Products,Consumer Staples,USD
US00206R1023,T UN,AT&T INC,1.17771E+11,30,,960.015,5.579999924,Diversified Telecommunication,Communication Services,USD
US89417E1091,TRV UN,TRAVELERS COS INC/THE,48901538862,35.71429825,,15.143,2.460000038,Insurance,Financials,USD
US75513E1010,RTX UN,RTX CORP,1.35065E+11,30.76919937,,494.543,4.690000057,Aerospace & Defense,Industrials,USD
US0326541051,ADI UW,ANALOG DEVICES INC,94331648293,33.33330154,,171.939,4.929999828,Semiconductors & Semiconductor,Information Technology,USD
US9311421039,WMT UN,WALMART INC,4.75505E+11,,,8316.419,3.910000086,Consumer Staples Distribution,Consumer Staples,USD
US17275R1023,CSCO UW,CISCO SYSTEMS INC,1.9592E+11,36.36360168,Y,32.054,4.75,Communications Equipment,Information Technology,USD
US4581401001,INTC UW,INTEL CORP,1.46287E+11,41.66669846,,993.955,6.309999943,Semiconductors & Semiconductor,Information Technology,USD
US37045V1008,GM UN,GENERAL MOTORS CO,51765266229,,,1642.258,6.190000057,Automobiles,Consumer Discretionary,USD
US5949181045,MSFT UW,MICROSOFT CORP,3.02664E+12,41.66669846,Y,142.77,5.710000038,Software,Information Technology,USD
US2566771059,DG UN,DOLLAR GENERAL CORP,31336113227,33.33330154,,733.79,2.779999971,Consumer Staples Distribution,Consumer Staples,USD
US1255231003,CI UN,THE CIGNA GROUP,99931816903,33.33330154,,16.272,4.320000172,Health Care Providers & Servic,Health Care,USD
US49456B1017,KMI UN,KINDER MORGAN INC,41646749842,15.38459969,,14736.74,5.949999809,"Oil, Gas & Consumable Fuels",Energy,USD
US1729674242,C UN,CITIGROUP INC,1.19556E+11,53.84619904,,58.037,4.28000021,Banks,Financials,USD
US0268747849,AIG UN,AMERICAN INTERNATIONAL GROUP,50397357387,45.45449829,,10.432,2.799999952,Insurance,Financials,USD
US02209S1033,MO UN,ALTRIA GROUP INC,73720526118,41.66669846,,116.475,4.010000229,Tobacco,Consumer Staples,USD
US40412C1018,HCA UN,HCA HEALTHCARE INC,84377473877,30,,830.463,3.920000076,Health Care Providers & Servic,Health Care,USD
US4601461035,IP UN,INTERNATIONAL PAPER CO,11904464326,27.27269936,,5916.058,5.820000172,Containers & Packaging,Materials,USD
US42824C1099,HPE UN,HEWLETT PACKARD ENTERPRISE,21911500000,46.15380096,,33.541,4.650000095,"Technology Hardware, Storage &",Information Technology,USD
US0028241000,ABT UN,ABBOTT LABORATORIES,1.86619E+11,41.66669846,,518.79,5.349999905,Health Care Equipment & Suppli,Health Care,USD
US0010551028,AFL UN,AFLAC INC,48144396564,45.45449829,,3.216,2.069999933,Insurance,Financials,USD
US0091581068,APD UN,AIR PRODUCTS & CHEMICALS INC,51905072398,25,,15785.341,5.25,Chemicals,Materials,USD
US86800U1043,SMCI UW,SUPER MICRO COMPUTER INC,44849637806,22.22220039,N,4.349,1.690000057,"Technology Hardware, Storage &",Information Technology,USD
LR0008862868,RCL UN,ROYAL CARIBBEAN CRUISES LTD,35390246536,,,6943.67,4.900000095,"Hotels, Restaurants & Leisure",Consumer Discretionary,USD
US42809H1077,HES UN,HESS CORP,48359784881,25,,2375.435,4.769999981,"Oil, Gas & Consumable Fuels",Energy,USD
US0394831020,ADM UN,ARCHER-DANIELS-MIDLAND CO,30988916539,,,13638.733,5.829999924,Food Products,Consumer Staples,USD
US0530151036,ADP UW,AUTOMATIC DATA PROCESSING,1.0163E+11,41.66669846,,13.077,3.359999895,Professional Services,Industrials,USD
US92345Y1064,VRSK UW,VERISK ANALYTICS INC,31979528879,40,,2.267,3.950000048,Professional Services,Industrials,USD
US0533321024,AZO UN,AUTOZONE INC,51362271450,30,,242.251,5.079999924,Specialty Retail,Consumer Discretionary,USD
IE000S9YS762,LIN UW,LINDE PLC,2.14639E+11,,,17377.064,6.260000229,Chemicals,Materials,USD
US0536111091,AVY UN,AVERY DENNISON CORP,16992158413,20,,183.315,4.949999809,Containers & Packaging,Materials,USD
US29355A1079,ENPH UQ,ENPHASE ENERGY INC,15510855268,14.28569984,,0.019,5.28000021,Semiconductors & Semiconductor,Information Technology,USD
US55354G1004,MSCI UN,MSCI INC,35137061843,33.33330154,,0.165,4.650000095,Capital Markets,Financials,USD
US0584981064,BALL UN,BALL CORP,20715706663,45.45449829,Y,446.875,3.75999999,Containers & Packaging,Materials,USD
US05464C1018,AXON UW,AXON ENTERPRISE INC,22746909753,36.36360168,,18.99,3.529999971,Aerospace & Defense,Industrials,USD
US15677J1088,DAY UN,DAYFORCE INC,9219042000,33.33330154,,0.367,5.03000021,Professional Services,Industrials,USD
US14448C1045,CARR UN,CARRIER GLOBAL CORP,49649676902,33.33330154,,187.123,5.579999924,Building Products,Industrials,USD
US0640581007,BK UN,BANK OF NEW YORK MELLON CORP,42924638400,40,,10.485,4.190000057,Capital Markets,Financials,USD
US68902V1070,OTIS UN,OTIS WORLDWIDE CORP,39423787721,45.45449829,,124.874,4.5,Machinery,Industrials,USD
US0718131099,BAX UN,BAXTER INTERNATIONAL INC,20807680000,36.36360168,,338.519,4.840000153,Health Care Equipment & Suppli,Health Care,USD
US0758871091,BDX UN,BECTON DICKINSON AND CO,67753351449,33.33330154,,152.74,4.579999924,Health Care Equipment & Suppli,Health Care,USD
US0846707026,BRK/B UN,BERKSHIRE HATHAWAY INC-CL B,8.81003E+11,28.57139969,N,95037.516,1.24000001,Financial Services,Financials,USD
US0865161014,BBY UN,BEST BUY CO INC,16157912253,,,209.612,6.309999943,Specialty Retail,Consumer Discretionary,USD
US1011371077,BSX UN,BOSTON SCIENTIFIC CORP,1.01166E+11,36.36360168,,66.321,5.46999979,Health Care Equipment & Suppli,Health Care,USD
US1101221083,BMY UN,BRISTOL-MYERS SQUIBB CO,99371979796,33.33330154,,186.191,5.260000229,Pharmaceuticals,Health Care,USD
US1156372096,BF/B UN,BROWN-FORMAN CORP-CLASS B,23604069772,33.33330154,,121.347,5.150000095,Beverages,Consumer Staples,USD
US1270971039,CTRA UN,COTERRA ENERGY INC,21164505211,40,N,1657.181,4.96999979,"Oil, Gas & Consumable Fuels",Energy,USD
US1344291091,CPB UN,CAMPBELL SOUP CO,13417598071,30.76919937,,482.818,6.670000076,Food Products,Consumer Staples,USD
US43300A2033,HLT UN,HILTON WORLDWIDE HOLDINGS IN,49619976336,44.44440079,,488.266,6.28000021,"Hotels, Restaurants & Leisure",Consumer Discretionary,USD
PA1436583006,CCL UN,CARNIVAL CORP,18603159793,36.36360168,N,12781.764,5.769999981,"Hotels, Restaurants & Leisure",Consumer Discretionary,USD
US74736K1016,QRVO UW,QORVO INC,10458128971,22.22220039,,159.685,4.900000095,Semiconductors & Semiconductor,Information Technology,USD
US12008R1077,BLDR UN,BUILDERS FIRSTSOURCE INC,22830838932,,,185.672,3.680000067,Building Products,Industrials,USD
US9026531049,UDR UN,UDR INC,12323499150,30,N,15.451,6.289999962,Residential REITs,Real Estate,USD
US1890541097,CLX UN,CLOROX COMPANY,18057471452,50,,67.815,5.960000038,Household Products,Consumer Staples,USD
US70432V1026,PAYC UN,PAYCOM SOFTWARE INC,10975825524,28.57139969,N,0.399,3.329999924,Professional Services,Industrials,USD
US1258961002,CMS UN,CMS ENERGY CORP,17485390570,33.33330154,,18618.308,5.409999847,Multi-Utilities,Utilities,USD
US1941621039,CL UN,COLGATE-PALMOLIVE CO,73008819702,40,,218.187,5.570000172,Household Products,Consumer Staples,USD
US29414B1044,EPAM UN,EPAM SYSTEMS INC,14440256968,,Y,0.379,3.150000095,IT Services,Information Technology,USD
US2003401070,CMA UN,COMERICA INC,6965525000,,,6.96,4.929999828,Banks,Financials,USD
US2058871029,CAG UN,CONAGRA BRANDS INC,14915557769,40,,410.594,5.070000172,Food Products,Consumer Staples,USD
US0090661010,ABNB UW,AIRBNB INC-CLASS A,1.03805E+11,22.22220039,,1.736,2.609999895,"Hotels, Restaurants & Leisure",Consumer Discretionary,USD
US2091151041,ED UN,CONSOLIDATED EDISON INC,32053748754,36.36360168,,2646.536,4.510000229,Multi-Utilities,Utilities,USD
US2193501051,GLW UN,CORNING INC,27012031003,21.42860031,,728.4,2.710000038,"Electronic Equipment, Instrume",Information Technology,USD
US2310211063,CMI UN,CUMMINS INC,41484616337,33.33330154,,320.578,4.789999962,Machinery,Industrials,USD
US12769G1004,CZR UW,CAESARS ENTERTAINMENT INC,8488684395,,,262.153,6.559999943,"Hotels, Restaurants & Leisure",Consumer Discretionary,USD
US2358511028,DHR UN,DANAHER CORP,1.87468E+11,28.57139969,,127,4.480000019,Life Sciences Tools & Services,Health Care,USD
US87612E1064,TGT UN,TARGET CORP,76742146041,,,912.512,4.889999866,Consumer Staples Distribution,Consumer Staples,USD
US2441991054,DE UN,DEERE & CO,1.1089E+11,33.33330154,,451.453,5.53000021,Machinery,Industrials,USD
US25746U1097,D UN,DOMINION ENERGY INC,42390597166,30.76919937,,35873.083,5.710000038,Multi-Utilities,Utilities,USD
US2600031080,DOV UN,DOVER CORP,23738642611,30,,56.232,4.789999962,Machinery,Industrials,USD
US0188021085,LNT UW,ALLIANT ENERGY CORP,12633427409,33.33330154,,12837.121,4.900000095,Electric Utilities,Utilities,USD
US8581191009,STLD UW,STEEL DYNAMICS INC,21424823409,27.27269936,,2296.288,6.429999828,Metals & Mining,Materials,USD
US26441C2044,DUK UN,DUKE ENERGY CORP,75658230000,35.71429825,,74879.669,5.449999809,Electric Utilities,Utilities,USD
US7588491032,REG UW,REGENCY CENTERS CORP,11439754122,36.36360168,,2.161,5.769999981,Retail REITs,Real Estate,USD
IE00B8KQN827,ETN UN,EATON CORP PLC,1.25274E+11,30,,227.913,7.949999809,Electrical Equipment,Industrials,USD
US2788651006,ECL UN,ECOLAB INC,62803444198,41.66669846,Y,319.142,6.130000114,Chemicals,Materials,USD
US7140461093,RVTY UN,REVVITY INC,12740350038,33.33330154,,7.063,4.429999828,Life Sciences Tools & Services,Health Care,USD
US2910111044,EMR UN,EMERSON ELECTRIC CO,62898434000,30.76919937,,144.571,6.300000191,Electrical Equipment,Industrials,USD
US26875P1012,EOG UN,EOG RESOURCES INC,78346652870,33.33330154,,5228.144,5.110000134,"Oil, Gas & Consumable Fuels",Energy,USD
IE00BLP1HW54,AON UN,AON PLC-CLASS A,61948212414,,,5.847,3.700000048,Insurance,Financials,USD
US29364G1031,ETR UN,ENTERGY CORP,22853250702,33.33330154,,37371.422,5.579999924,Electric Utilities,Utilities,USD
US2944291051,EFX UN,EQUIFAX INC,27807600298,33.33330154,,1.216,2.75,Professional Services,Industrials,USD
US26884L1098,EQT UN,EQT CORP,16813503212,54.54550171,,974.222,7.019999981,"Oil, Gas & Consumable Fuels",Energy,USD
US46266C1053,IQV UN,IQVIA HOLDINGS INC,43550391679,40,,8.62,3.660000086,Life Sciences Tools & Services,Health Care,USD
US3666511072,IT UN,GARTNER INC,35197821553,,,1.699,3.640000105,IT Services,Information Technology,USD
US31428X1063,FDX UN,FEDEX CORP,66997944995,33.33330154,,16543.052,4.420000076,Air Freight & Logistics,Industrials,USD
US3024913036,FMC UN,FMC CORP,7325489482,36.36360168,,76.995,7.289999962,Chemicals,Materials,USD
US1152361010,BRO UN,BROWN & BROWN INC,23615100000,14.28569984,,65.617,3.809999943,Insurance,Financials,USD
US3453708600,F UN,FORD MOTOR CO,51680385623,28.57139969,,1513.968,5.760000229,Automobiles,Consumer Discretionary,USD
US65339F1012,NEE UN,NEXTERA ENERGY INC,1.33707E+11,38.46149826,,50916.732,6.199999809,Electric Utilities,Utilities,USD
US3546131018,BEN UN,FRANKLIN RESOURCES INC,13332446610,27.27269936,,8.587,7.050000191,Capital Markets,Financials,USD
CH0114405324,GRMN UN,GARMIN LTD,27408828438,,,46.705,3.039999962,Household Durables,Consumer Discretionary,USD
US35671D8570,FCX UN,FREEPORT-MCMORAN INC,68435653867,,,4424.113,7.199999809,Metals & Mining,Materials,USD
US2521311074,DXCM UW,DEXCOM INC,51678342185,,,3.818,4.159999847,Health Care Equipment & Suppli,Health Care,USD
US3695501086,GD UN,GENERAL DYNAMICS CORP,80271890523,23.07690048,,308.944,7.039999962,Aerospace & Defense,Industrials,USD
US3703341046,GIS UN,GENERAL MILLS INC,39913597544,50,Y,322.509,6.289999962,Food Products,Consumer Staples,USD
US3724601055,GPC UN,GENUINE PARTS CO,22740504776,28.57139969,,134.241,5.630000114,Distributors,Consumer Discretionary,USD
US0495601058,ATO UN,ATMOS ENERGY CORP,17774951309,27.27269936,,1355.196,2.50999999,Gas Utilities,Utilities,USD
US3848021040,GWW UN,WW GRAINGER INC,47017532064,30.76919937,N,32.426,3.400000095,Trading Companies & Distributo,Industrials,USD
US4062161017,HAL UN,HALLIBURTON CO,34219639005,23.07690048,N,4466.057,5.480000019,Energy Equipment & Services,Energy,USD
US42250P1030,DOC US,HEALTHPEAK PROPERTIES INC,13123634549,,,65.115,5.46999979,Health Care REITs,Real Estate,USD
US5024311095,LHX UN,L3HARRIS TECHNOLOGIES INC,39595664248,28.57139969,N,74.187,6.199999809,Aerospace & Defense,Industrials,USD
US45784P1012,PODD UW,INSULET CORP,11651042610,,,1.806,5.429999828,Health Care Equipment & Suppli,Health Care,USD
US1488061029,CTLT UN,CATALENT INC,10134556208,,,76.414,5.679999828,Pharmaceuticals,Health Care,USD
US34959J1088,FTV UN,FORTIVE CORP,28359858412,,,15.684,4.5,Machinery,Industrials,USD
US4278661081,HSY UN,HERSHEY CO/THE,38287622197,45.45449829,,177.836,6.260000229,Food Products,Consumer Staples,USD
US87165B1035,SYF UN,SYNCHRONY FINANCIAL,17486138014,,,0.279,4.329999924,Consumer Finance,Financials,USD
US4404521001,HRL UN,HORMEL FOODS CORP,19267648994,30.76919937,,559.127,4.860000134,Food Products,Consumer Staples,USD
US3635761097,AJG UN,ARTHUR J GALLAGHER & CO,51533360000,22.22220039,,3.963,3.769999981,Insurance,Financials,USD
US6092071058,MDLZ UW,MONDELEZ INTERNATIONAL INC-A,94979492034,30,,985.271,6.650000095,Food Products,Consumer Staples,USD
US15189T1079,CNP UN,CENTERPOINT ENERGY INC,18209151500,18.18180084,,6627.841,5.210000038,Multi-Utilities,Utilities,USD
US4448591028,HUM UN,HUMANA INC,39427879008,27.27269936,,128.933,6.25,Health Care Providers & Servic,Health Care,USD
IE00BDB6Q211,WTW UW,WILLIS TOWERS WATSON PLC,26946968604,40,N,9.837,4.619999886,Insurance,Financials,USD
US4523081093,ITW UN,ILLINOIS TOOL WORKS,74946217355,30,,126.088,6.269999981,Machinery,Industrials,USD
US12514G1085,CDW UW,CDW CORP/DE,32333022372,45.45449829,,3.417,4.480000019,"Electronic Equipment, Instrume",Information Technology,USD
IE00BK9ZQ967,TT UN,TRANE TECHNOLOGIES PLC,67004471858,,,196.577,4.920000076,Building Products,Industrials,USD
US4606901001,IPG UN,INTERPUBLIC GROUP OF COS INC,11687585655,40,,18.479,5.429999828,Media,Communication Services,USD
US4595061015,IFF UN,INTL FLAVORS & FRAGRANCES,21824664786,27.27269936,,604.964,4.489999771,Chemicals,Materials,USD
US3687361044,GNRC UN,GENERAC HOLDINGS INC,8212898874,,,34.635,5.300000191,Electrical Equipment,Industrials,USD
NL0009538784,NXPI UW,NXP SEMICONDUCTORS NV,57775132166,,,574.779,5.960000038,Semiconductors & Semiconductor,Information Technology,USD
US4878361082,K UN,KELLANOVA,19817254675,45.45449829,,479.07,4.599999905,Food Products,Consumer Staples,USD
US11133T1034,BR UN,BROADRIDGE FINANCIAL SOLUTIO,22996203482,25,,12.996,4.039999962,Professional Services,Industrials,USD
US4943681035,KMB UN,KIMBERLY-CLARK CORP,45896814286,53.84619904,Y,1754.01,7.159999847,Household Products,Consumer Staples,USD
US49446R1095,KIM UN,KIMCO REALTY CORP,12586060478,25,,3.749,5.659999847,Retail REITs,Real Estate,USD
US68389X1054,ORCL UN,ORACLE CORP,3.16079E+11,33.33330154,N,10.434,3.640000105,Software,Information Technology,USD
US5010441013,KR UN,KROGER CO,40104193491,,,2234.614,5.920000076,Consumer Staples Distribution,Consumer Staples,USD
US5260571048,LEN UN,LENNAR CORP-A,42968573200,27.27269936,N,140.331,1.789999962,Household Durables,Consumer Discretionary,USD
US5324571083,LLY UN,ELI LILLY & CO,7.08739E+11,41.66669846,,163.613,5.320000172,Pharmaceuticals,Health Care,USD
US0708301041,BBWI UN,BATH & BODY WORKS INC,10178816269,,,15.99,4.75,Specialty Retail,Consumer Discretionary,USD
US16119P1084,CHTR UW,CHARTER COMMUNICATIONS INC-A,43087385268,7.692309856,N,433.837,4.690000057,Media,Communication Services,USD
US5404241086,L UN,LOEWS CORP,16990697274,16.66670036,,149.77,1.370000005,Insurance,Financials,USD
US5486611073,LOW UN,LOWE'S COS INC,1.33882E+11,36.36360168,,449.49,5.510000229,Specialty Retail,Consumer Discretionary,USD
US4435106079,HUBB UN,HUBBELL INC,21371111533,33.33330154,,34.904,5.889999866,Electrical Equipment,Industrials,USD
US45167R1041,IEX UN,IDEX CORP,17631255954,30,,12.366,3.950000048,Machinery,Industrials,USD
US5717481023,MMC UN,MARSH & MCLENNAN COS,99288818278,30.76919937,,28.645,3.650000095,Insurance,Financials,USD
US5745991068,MAS UN,MASCO CORP,16073217470,27.27269936,,35.187,#N/A Field Not Applicable,Building Products,Industrials,USD
US78409V1044,SPGI UN,S&P GLOBAL INC,1.32116E+11,38.46149826,,3.588,5.659999847,Capital Markets,Financials,USD
IE00BTN1Y115,MDT UN,MEDTRONIC PLC,1.07713E+11,36.36360168,N,120.413,5.739999771,Health Care Equipment & Suppli,Health Care,USD
US92556V1061,VTRS UW,VIATRIS INC,13455158458,,,340.365,3.980000019,Pharmaceuticals,Health Care,USD
US1266501006,CVS UN,CVS HEALTH CORP,86557170321,38.46149826,Y,239.944,4.099999905,Health Care Providers & Servic,Health Care,USD
US26614N1028,DD UN,DUPONT DE NEMOURS INC,30788384563,33.33330154,,1379.502,5.590000153,Chemicals,Materials,USD
US5951121038,MU UW,MICRON TECHNOLOGY INC,1.24501E+11,50,,2079.793,5.900000095,Semiconductors & Semiconductor,Information Technology,USD
US6200763075,MSI UN,MOTOROLA SOLUTIONS INC,57322461385,25,,10.846,4.039999962,Communications Equipment,Information Technology,USD
US12503M1080,CBOE UF,CBOE GLOBAL MARKETS INC,18837862114,27.27269936,,0.028,7.75,Capital Markets,Financials,USD
US50540R4092,LH UN,LABORATORY CRP OF AMER HLDGS,17565064159,,N,184.405,3.730000019,Health Care Providers & Servic,Health Care,USD
US6516391066,NEM UN,NEWMONT CORP,43341703181,42.85710144,,1541.06,7.090000153,Metals & Mining,Materials,USD
US6541061031,NKE UN,NIKE INC -CL B,1.42295E+11,33.33330154,,55.47,4.869999886,"Textiles, Apparel & Luxury Goo",Consumer Discretionary,USD
US65473P1057,NI UN,NISOURCE INC,12499959778,36.36360168,,4935.943,4.480000019,Multi-Utilities,Utilities,USD
US6558441084,NSC UN,NORFOLK SOUTHERN CORP,60123158314,23.07690048,N,3918.231,5.170000076,Ground Transportation,Industrials,USD
US74251V1026,PFG UW,PRINCIPAL FINANCIAL GROUP,19105935469,41.66669846,Y,3.332,2.809999943,Insurance,Financials,USD
US30040W1080,ES UN,EVERSOURCE ENERGY,21117267372,33.33330154,,179.504,4.650000095,Electric Utilities,Utilities,USD
US6668071029,NOC UN,NORTHROP GRUMMAN CORP,70332508036,46.15380096,,294.053,4.510000229,Aerospace & Defense,Industrials,USD
US9497461015,WFC UN,WELLS FARGO & CO,2.13289E+11,38.46149826,,94.284,5.079999924,Banks,Financials,USD
US6703461052,NUE UN,NUCOR CORP,42142878493,33.33330154,,5241.391,6.010000229,Metals & Mining,Materials,USD
US6745991058,OXY UN,OCCIDENTAL PETROLEUM CORP,59203504736,,,17110.346,5.710000038,"Oil, Gas & Consumable Fuels",Energy,USD
US6819191064,OMC UN,OMNICOM GROUP,18449490145,60,,31.953,5.309999943,Media,Communication Services,USD
US6826801036,OKE UN,ONEOK INC,46802065057,25,,3588.638,4.960000038,"Oil, Gas & Consumable Fuels",Energy,USD
US7547301090,RJF UN,RAYMOND JAMES FINANCIAL INC,26533965321,25,,0.501,2.769999981,Capital Markets,Financials,USD
US69331C1080,PCG UN,P G & E CORP,36194966291,26.66670036,,3962.824,6.659999847,Electric Utilities,Utilities,USD
US7010941042,PH UN,PARKER HANNIFIN CORP,70501411172,33.33330154,,138.341,4.849999905,Machinery,Industrials,USD
US7757111049,ROL UN,ROLLINS INC,20637700112,27.27269936,,43.381,1.99000001,Commercial Services & Supplies,Industrials,USD
US69351T1060,PPL UN,PPL CORP,20138238307,40,,27248.791,5.429999828,Electric Utilities,Utilities,USD
US20825C1045,COP UN,CONOCOPHILLIPS,1.51857E+11,16.66670036,,12574.132,6.329999924,"Oil, Gas & Consumable Fuels",Energy,USD
US7458671010,PHM UN,PULTEGROUP INC,23782623720,20,,6.781,3.430000067,Household Durables,Consumer Discretionary,USD
US7234841010,PNW UN,PINNACLE WEST CAPITAL,8460019074,40,,11474.525,5.53000021,Electric Utilities,Utilities,USD
US6934751057,PNC UN,PNC FINANCIAL SERVICES GROUP,62577100292,33.33330154,,41.33,4.739999771,Banks,Financials,USD
US6935061076,PPG UN,PPG INDUSTRIES INC,30602250000,27.27269936,,381.646,4.909999847,Chemicals,Materials,USD
US7433151039,PGR UN,PROGRESSIVE CORP,1.25082E+11,50,,55.059,2.089999914,Insurance,Financials,USD
US92338C1036,VLTO UN,VERALTO CORP,23086180988,,,28.288,#N/A Field Not Applicable,Commercial Services & Supplies,Industrials,USD
US7445731067,PEG UN,PUBLIC SERVICE ENTERPRISE GP,33156008634,40,,1837.831,5.619999886,Multi-Utilities,Utilities,USD
US7703231032,RHI UN,ROBERT HALF INC,7549514503,,,3.884,6.880000114,Professional Services,Industrials,USD
US2166485019,COO UW,COOPER COS INC/THE,18263714937,50,,53.817,6.739999771,Health Care Equipment & Suppli,Health Care,USD
US2810201077,EIX UN,EDISON INTERNATIONAL,27189562268,45.45449829,,1475.453,6.510000229,Electric Utilities,Utilities,USD
AN8068571086,SLB UN,SCHLUMBERGER LTD,70749790000,27.27269936,Y,1558.256,6.190000057,Energy Equipment & Services,Energy,USD
US8085131055,SCHW UN,SCHWAB (CHARLES) CORP,1.36846E+11,29.41180038,,9.295,3.420000076,Capital Markets,Financials,USD
US8243481061,SHW UN,SHERWIN-WILLIAMS CO/THE,76690517640,36.36360168,,433.258,4.440000057,Chemicals,Materials,USD
US9553061055,WST UN,WEST PHARMACEUTICAL SERVICES,28487136514,27.27269936,,31.113,3.049999952,Life Sciences Tools & Services,Health Care,USD
US8326964058,SJM UN,JM SMUCKER CO/THE,12508541546,33.33330154,,249.381,4.679999828,Food Products,Consumer Staples,USD
US8330341012,SNA UN,SNAP-ON INC,14343135626,20,,40.881,2.940000057,Machinery,Industrials,USD
US0311001004,AME UN,AMETEK INC,41571827161,33.33330154,,24.953,5.550000191,Electrical Equipment,Industrials,USD
US90353T1007,UBER UN,UBER TECHNOLOGIES INC,1.46749E+11,36.36360168,,1.765,5.860000134,Ground Transportation,Industrials,USD
US8425871071,SO UN,SOUTHERN CO/THE,80181897942,26.66670036,,86802.229,5.710000038,Electric Utilities,Utilities,USD
US89832Q1094,TFC UN,TRUIST FINANCIAL CORP,52051934400,33.33330154,,18.236,3.720000029,Banks,Financials,USD
US8447411088,LUV UN,SOUTHWEST AIRLINES CO,17649336590,20,,22321.187,6.96999979,Passenger Airlines,Industrials,USD
US0844231029,WRB UN,WR BERKLEY CORP,20213469631,,,8.713,1.580000043,Insurance,Financials,USD
US8545021011,SWK UN,STANLEY BLACK & DECKER INC,13954461539,45.45449829,,154.261,5.150000095,Machinery,Industrials,USD
US74460D1090,PSA UN,PUBLIC STORAGE,46185125834,30.76919937,N,18.395,4.650000095,Specialized REITs,Real Estate,USD
US0404131064,ANET UN,ARISTA NETWORKS INC,78649237771,,,1.071,3.140000105,Communications Equipment,Information Technology,USD
US8718291078,SYY UN,SYSCO CORP,38283107621,27.27269936,,1102.787,3.769999981,Consumer Staples Distribution,Consumer Staples,USD
US22052L1044,CTVA UN,CORTEVA INC,37863227658,30.76919937,,477.885,6.090000153,Chemicals,Materials,USD
US8825081040,TXN UW,TEXAS INSTRUMENTS INC,1.51033E+11,33.33330154,,1124.528,5.090000153,Semiconductors & Semiconductor,Information Technology,USD
US8832031012,TXT UN,TEXTRON INC,18388627088,30,,279.042,3.960000038,Aerospace & Defense,Industrials,USD
US8835561023,TMO UN,THERMO FISHER SCIENTIFIC INC,2.19136E+11,33.33330154,,380.209,4.139999866,Life Sciences Tools & Services,Health Care,USD
US8725401090,TJX UN,TJX COMPANIES INC,1.071E+11,,,140.113,3.329999924,Specialty Retail,Consumer Discretionary,USD
US37959E1029,GL UN,GLOBE LIFE INC,7183478562,50,,1.583,2.00999999,Insurance,Financials,USD
IE00BY7QL619,JCI UN,JOHNSON CONTROLS INTERNATION,44466377252,36.36360168,,419.729,6.880000114,Building Products,Industrials,USD
US90384S3031,ULTA UW,ULTA BEAUTY INC,20216880737,,,11.317,6.320000172,Specialty Retail,Consumer Discretionary,USD
US9078181081,UNP UN,UNION PACIFIC CORP,1.44038E+11,33.33330154,,10492.086,4.940000057,Ground Transportation,Industrials,USD
US49338L1035,KEYS UN,KEYSIGHT TECHNOLOGIES IN,25853465759,27.27269936,,13.347,5.420000076,"Electronic Equipment, Instrume",Information Technology,USD
US91324P1021,UNH UN,UNITEDHEALTH GROUP INC,4.47242E+11,,,247.357,6.340000153,Health Care Providers & Servic,Health Care,USD
US09260D1072,BX UN,BLACKSTONE INC,1.51997E+11,30,,0.691,2.460000038,Capital Markets,Financials,USD
US5658491064,MRO UN,MARATHON OIL CORP,15881350304,37.5,,2630.466,6.150000095,"Oil, Gas & Consumable Fuels",Energy,USD
US0905722072,BIO UN,BIO-RAD LABORATORIES-A,8096428800,33.33330154,,18.858,2.670000076,Life Sciences Tools & Services,Health Care,USD
US92276F1003,VTR UN,VENTAS INC,17616528683,36.36360168,,135.109,5.690000057,Health Care REITs,Real Estate,USD
US9291601097,VMC UN,VULCAN MATERIALS CO,34175029053,33.33330154,,799.631,#N/A Field Not Applicable,Construction Materials,Materials,USD
US9621661043,WY UN,WEYERHAEUSER CO,23165327939,40,,359,5.880000114,Specialized REITs,Real Estate,USD
US9694571004,WMB UN,WILLIAMS COS INC,47238335932,25,,11400.893,5.860000134,"Oil, Gas & Consumable Fuels",Energy,USD
US21037T1097,CEG UW,CONSTELLATION ENERGY,59658696171,27.27269936,,10409.15,3.75999999,Electric Utilities,Utilities,USD
US92939U1060,WEC UN,WEC ENERGY GROUP INC,25860265745,33.33330154,,21427.82,5.670000076,Multi-Utilities,Utilities,USD
US00724F1012,ADBE UW,ADOBE INC,2.11976E+11,33.33330154,,6.378,6.039999962,Software,Information Technology,USD
US00130H1059,AES UN,AES CORP,12195629215,,,43658.845,5.670000076,Independent Power and Renewabl,Utilities,USD
US3021301094,EXPD UN,EXPEDITORS INTL WASH INC,16310984635,33.33330154,,9.685,4.670000076,Air Freight & Logistics,Industrials,USD
US0311621009,AMGN UW,AMGEN INC,1.46956E+11,23.07690048,,129.314,5.050000191,Biotechnology,Health Care,USD
US0378331005,AAPL UW,APPLE INC,2.57617E+12,33.33330154,,58.886,6.010000229,"Technology Hardware, Storage &",Information Technology,USD
US0527691069,ADSK UW,AUTODESK INC,46631401697,45.45449829,Y,1.464,5.510000229,Software,Information Technology,USD
US1729081059,CTAS UW,CINTAS CORP,67674972451,20,,555.046,4.739999771,Commercial Services & Supplies,Industrials,USD
US20030N1019,CMCSA UW,COMCAST CORP-CLASS A,1.60999E+11,,,501.971,3.289999962,Media,Communication Services,USD
US60871R2094,TAP UN,MOLSON COORS BEVERAGE CO - B,13658575949,28.57139969,,630.623,4.050000191,Beverages,Consumer Staples,USD
US4824801009,KLAC UW,KLA CORP,87928919880,30,N,6.944,5.260000229,Semiconductors & Semiconductor,Information Technology,USD
US5719032022,MAR UW,MARRIOTT INTERNATIONAL -CL A,69009230455,46.15380096,Y,1380.462,6.409999847,"Hotels, Restaurants & Leisure",Consumer Discretionary,USD
US3377381088,FI UN,FISERV INC,91682160968,33.33330154,Y,17.227,3.420000076,Financial Services,Financials,USD
US5797802064,MKC UN,MCCORMICK & CO-NON VTG SHRS,20113348048,33.33330154,,36.672,5.139999866,Food Products,Consumer Staples,USD
US6937181088,PCAR UW,PACCAR INC,59228936203,25,,137.567,4.440000057,Machinery,Industrials,USD
US22160K1051,COST UW,COSTCO WHOLESALE CORP,3.20454E+11,33.33330154,,1543.995,3.25999999,Consumer Staples Distribution,Consumer Staples,USD
US8636671013,SYK UN,STRYKER CORP,1.27119E+11,40,,67.35,5.809999943,Health Care Equipment & Suppli,Health Care,USD
US9024941034,TSN UN,TYSON FOODS INC-CL A,21737248008,35.71429825,,3883.601,4.25,Food Products,Consumer Staples,USD
US5132721045,LW UN,LAMB WESTON HOLDINGS INC,12092748009,20,,472.547,4.289999962,Food Products,Consumer Staples,USD
US0382221051,AMAT UW,APPLIED MATERIALS INC,1.60762E+11,30,,65.47,6.539999962,Semiconductors & Semiconductor,Information Technology,USD
US02376R1023,AAL UW,AMERICAN AIRLINES GROUP INC,9371771487,,,34403.212,5.550000191,Passenger Airlines,Industrials,USD
US14149Y1082,CAH UN,CARDINAL HEALTH INC,25130849368,53.84619904,,132.849,3.839999914,Health Care Providers & Servic,Health Care,USD
US1720621010,CINF UW,CINCINNATI FINANCIAL CORP,18939234026,33.33330154,,16.612,1.929999948,Insurance,Financials,USD
US92556H2067,PARA UW,PARAMOUNT GLOBAL-CLASS B,8757997624,,,265.872,3.75999999,Media,Communication Services,USD
US23331A1097,DHI UN,DR HORTON INC,48830420133,25,,81.274,4.050000191,Household Durables,Consumer Discretionary,USD
US2855121099,EA UW,ELECTRONIC ARTS INC,34063122236,37.5,,2.048,3.390000105,Entertainment,Communication Services,USD
US3032501047,FICO UN,FAIR ISAAC CORP,29280196516,33.33330154,N,19.593,1.970000029,Software,Information Technology,USD
US3119001044,FAST UW,FASTENAL CO,38692756603,36.36360168,,151.645,4.010000229,Trading Companies & Distributo,Industrials,USD
US55261F1049,MTB UN,M & T BANK CORP,24473415960,23.52939987,,19.97,2.930000067,Banks,Financials,USD
US98389B1008,XEL UW,XCEL ENERGY INC,30644598504,30.76919937,,36580.099,5.420000076,Electric Utilities,Utilities,USD
US3167731005,FITB UW,FIFTH THIRD BANCORP,25253177160,31.25,,13.825,3.410000086,Banks,Financials,USD
US3755581036,GILD UW,GILEAD SCIENCES INC,83883625013,33.33330154,Y,53.072,5.710000038,Biotechnology,Health Care,USD
US4180561072,HAS UW,HASBRO INC,8052681670,63.63639832,N,4.522,6.920000076,Leisure Products,Consumer Discretionary,USD
US4461501045,HBAN UW,HUNTINGTON BANCSHARES INC,19775072836,26.66670036,,18.517,3.769999981,Banks,Financials,USD
US95040Q1040,WELL UN,WELLTOWER INC,53599432352,,,247.017,4.860000134,Health Care REITs,Real Estate,USD
US09062X1037,BIIB UW,BIOGEN INC,28136036061,,,64.602,5.849999905,Biotechnology,Health Care,USD
US6658591044,NTRS UW,NORTHERN TRUST CORP,17234830080,25,N,7.8,3.829999924,Capital Markets,Financials,USD
US6951561090,PKG UN,PACKAGING CORP OF AMERICA,15391144701,20,,1744.077,5.409999847,Containers & Packaging,Materials,USD
US7043261079,PAYX UW,PAYCHEX INC,43847134567,25,,2.683,4.5,Professional Services,Industrials,USD
US7475251036,QCOM UW,QUALCOMM INC,1.80424E+11,33.33330154,,111.276,7.519999981,Semiconductors & Semiconductor,Information Technology,USD
US7782961038,ROST UW,ROSS STORES INC,44668657771,41.66669846,,30.145,1.980000019,Specialty Retail,Consumer Discretionary,USD
US45168D1046,IDXX UW,IDEXX LABORATORIES INC,40953925001,36.36360168,,15.237,4.559999943,Health Care Equipment & Suppli,Health Care,USD
US8552441094,SBUX UW,STARBUCKS CORP,99576990000,28.57139969,Y,514.679,3.769999981,"Hotels, Restaurants & Leisure",Consumer Discretionary,USD
US4932671088,KEY UN,KEYCORP,13849379440,30.76919937,,13.969,3.460000038,Banks,Financials,USD
US35137L1052,FOXA UW,FOX CORP - CLASS A,14497936687,12.5,,14.038,3.319999933,Media,Communication Services,USD
US35137L2043,FOX UW,FOX CORP - CLASS B,14497936687,12.5,,14.038,3.319999933,Media,Communication Services,USD
US8574771031,STT UN,STATE STREET CORP,22440977702,33.33330154,,7.997,4.75,Capital Markets,Financials,USD
BMG667211046,NCLH UN,NORWEGIAN CRUISE LINE HOLDIN,8338629798,,,3873.08,4.059999943,"Hotels, Restaurants & Leisure",Consumer Discretionary,USD
US9029733048,USB UN,US BANCORP,63706620000,38.46149826,,53.052,4.809999943,Banks,Financials,USD
US8318652091,AOS UN,SMITH (A.O.) CORP,12957584213,33.33330154,,63.552,3.180000067,Building Products,Industrials,USD
US6687711084,GEN UW,GEN DIGITAL INC,13168113526,40,Y,1.025,4.860000134,Software,Information Technology,USD
US74144T1088,TROW UW,T ROWE PRICE GROUP INC,25126389693,30.76919937,,1.097,6.239999771,Capital Markets,Financials,USD
US94106L1098,WM UN,WASTE MANAGEMENT INC,83829582593,33.33330154,,15018.313,4.900000095,Commercial Services & Supplies,Industrials,USD
US21036P1084,STZ UN,CONSTELLATION BRANDS INC-A,47939801342,30.76919937,N,317.583,4.590000153,Beverages,Consumer Staples,USD
BMG491BT1088,IVZ UN,INVESCO LTD,6599854688,36.36360168,,0.67,5.679999828,Capital Markets,Financials,USD
US4612021034,INTU UW,INTUIT INC,1.76966E+11,36.36360168,N,5.141,4.599999905,Software,Information Technology,USD
US6174464486,MS UN,MORGAN STANLEY,1.52352E+11,30.76919937,,35.716,5.329999924,Capital Markets,Financials,USD
US5950171042,MCHP UW,MICROCHIP TECHNOLOGY INC,46711134312,25,,461.696,4.71999979,Semiconductors & Semiconductor,Information Technology,USD
CH0044328745,CB UN,CHUBB LTD,1.01387E+11,30.76919937,Y,24.988,2.400000095,Insurance,Financials,USD
US4364401012,HOLX UW,HOLOGIC INC,18086063693,50,,6.834,4.460000038,Health Care Equipment & Suppli,Health Care,USD
US1746101054,CFG UN,CITIZENS FINANCIAL GROUP,15966741239,35.71429825,,11.624,3.650000095,Banks,Financials,USD
US4663131039,JBL UN,JABIL INC,14566949800,20,N,53.818,4.829999924,"Electronic Equipment, Instrume",Information Technology,USD
US67103H1077,ORLY UW,O'REILLY AUTOMOTIVE INC,64325891932,30,,196.666,3.24000001,Specialty Retail,Consumer Discretionary,USD
US0200021014,ALL UN,ALLSTATE CORP,46231726423,25,,59.995,3.450000048,Insurance,Financials,USD
US29476L1070,EQR UN,EQUITY RESIDENTIAL,24009622623,,,78.427,4.659999847,Residential REITs,Real Estate,USD
US0997241064,BWA UN,BORGWARNER INC,7679281514,37.5,,76.33,5.860000134,Automobile Components,Consumer Discretionary,USD
US49271V1008,KDP UW,KEURIG DR PEPPER INC,44014386837,,,316.439,5.639999866,Beverages,Consumer Staples,USD
US44107P1049,HST UW,HOST HOTELS & RESORTS INC,13547818000,33.33330154,,119.543,5.670000076,Hotel & Resort REITs,Real Estate,USD
US45337C1027,INCY UW,INCYTE CORP,11652906043,,,8.125,3.430000067,Biotechnology,Health Care,USD
US8288061091,SPG UN,SIMON PROPERTY GROUP INC,46833210436,23.07690048,,24.228,3.930000067,Retail REITs,Real Estate,USD
US2774321002,EMN UN,EASTMAN CHEMICAL CO,11391071232,33.33330154,,5645.726,4.309999943,Chemicals,Materials,USD
US0534841012,AVB UN,AVALONBAY COMMUNITIES INC,26871189220,25,,16.948,5.400000095,Residential REITs,Real Estate,USD
US7443201022,PRU UN,PRUDENTIAL FINANCIAL INC,40175106521,50,,12.459,3.849999905,Insurance,Financials,USD
US9113121068,UPS UN,UNITED PARCEL SERVICE-CL B,1.26667E+11,41.66669846,,15517.096,3.720000029,Air Freight & Logistics,Industrials,USD
US9314271084,WBA UW,WALGREENS BOOTS ALLIANCE INC,15615111925,36.36360168,Y,300.723,4.190000057,Consumer Staples Distribution,Consumer Staples,USD
IE00BFY8C754,STE UN,STERIS PLC,20446600122,22.22220039,,63.838,4.329999924,Health Care Equipment & Suppli,Health Care,USD
US58155Q1031,MCK UN,MCKESSON CORP,69805395606,36.36360168,Y,89.123,4.889999866,Health Care Providers & Servic,Health Care,USD
US5398301094,LMT UN,LOCKHEED MARTIN CORP,1.10678E+11,30.76919937,,286.205,5.21999979,Aerospace & Defense,Industrials,USD
US03073E1055,COR UN,CENCORA INC,47438812755,20,,124.635,4.260000229,Health Care Providers & Servic,Health Care,USD
US14040H1059,COF UN,CAPITAL ONE FINANCIAL CORP,56749856914,25,,9.269,4.059999943,Consumer Finance,Financials,USD
US9418481035,WAT UN,WATERS CORP,18570479580,,,14.623,4.78000021,Life Sciences Tools & Services,Health Care,USD
US6556631025,NDSN UW,NORDSON CORP,14997522406,22.22220039,,6.444,3.940000057,Machinery,Industrials,USD
US2567461080,DLTR UW,DOLLAR TREE INC,26607007177,,,503.828,3.069999933,Consumer Staples Distribution,Consumer Staples,USD
US2371941053,DRI UN,DARDEN RESTAURANTS INC,18630738037,30,,348.214,3.529999971,"Hotels, Restaurants & Leisure",Consumer Discretionary,USD
US30034W1062,EVRG UW,EVERGY INC,12020307738,33.33330154,,23193.123,4.690000057,Electric Utilities,Utilities,USD
US57667L1070,MTCH UW,MATCH GROUP INC,8512053307,,,1.109,5.389999866,Interactive Media & Services,Communication Services,USD
US25754A2015,DPZ UN,DOMINO'S PIZZA INC,16679123717,33.33330154,,125.172,3.849999905,"Hotels, Restaurants & Leisure",Consumer Discretionary,USD
US62944T1051,NVR UN,NVR INC,25025474762,30,,49.113,1.580000043,Household Durables,Consumer Discretionary,USD
US64110D1046,NTAP UW,NETAPP INC,20573689335,33.33330154,N,3.026,4.71999979,"Technology Hardware, Storage &",Information Technology,USD
US6795801009,ODFL UW,OLD DOMINION FREIGHT LINE,47698967606,,,1365.113,4.619999886,Ground Transportation,Industrials,USD
US23918K1088,DVA UN,DAVITA INC,11757062000,,,64.089,3.670000076,Health Care Providers & Servic,Health Care,USD
US4165151048,HIG UN,HARTFORD FINANCIAL SVCS GRP,29637714182,30,,8.68,2.890000105,Insurance,Financials,USD
US46284V1017,IRM UN,IRON MOUNTAIN INC,22448231601,,,138.491,4.789999962,Specialized REITs,Real Estate,USD
US5184391044,EL UN,ESTEE LAUDER COMPANIES-CL A,53254809641,37.5,N,27.918,4.71999979,Personal Care Products,Consumer Staples,USD
US1273871087,CDNS UW,CADENCE DESIGN SYS INC,77141643040,30,,8.079,4.369999886,Software,Information Technology,USD
US9022521051,TYL UN,TYLER TECHNOLOGIES INC,17666774473,25,N,1.056,5,Software,Information Technology,USD
US9139031002,UHS UN,UNIVERSAL HEALTH SERVICES-B,11089946693,42.85710144,,151.422,1.850000024,Health Care Providers & Servic,Health Care,USD
US83088M1027,SWKS UW,SKYWORKS SOLUTIONS INC,15996304088,33.33330154,N,36.832,5.349999905,Semiconductors & Semiconductor,Information Technology,USD
US74834L1008,DGX UN,QUEST DIAGNOSTICS INC,15165816236,40,,279.458,3.950000048,Health Care Providers & Servic,Health Care,USD
US7739031091,ROK UN,ROCKWELL AUTOMATION INC,31705320647,27.27269936,Y,29.09,6.190000057,Electrical Equipment,Industrials,USD
US5007541064,KHC UW,KRAFT HEINZ CO/THE,46321887819,33.33330154,,496.278,4.989999771,Food Products,Consumer Staples,USD
US03027X1000,AMT UN,AMERICAN TOWER CORP,81354106574,41.66669846,,679.11,4.570000172,Specialized REITs,Real Estate,USD
US75886F1075,REGN UW,REGENERON PHARMACEUTICALS,99625384904,,,58.673,3.660000086,Biotechnology,Health Care,USD
US0231351067,AMZN UW,AMAZON.COM INC,1.86537E+12,41.66669846,,25010.789,4.389999866,Broadline Retail,Consumer Discretionary,USD
US4262811015,JKHY UW,JACK HENRY & ASSOCIATES INC,12157972074,33.33330154,,5.113,3.269999981,Financial Services,Financials,USD
US7512121010,RL UN,RALPH LAUREN CORP,10735657875,38.46149826,Y,11.731,4.619999886,"Textiles, Apparel & Luxury Goo",Consumer Discretionary,USD
US1011211018,BXP UN,BOSTON PROPERTIES INC,9931789637,,,16.52,6.210000038,Office REITs,Real Estate,USD
US0320951017,APH UN,AMPHENOL CORP-CL A,68723543811,33.33330154,,50.638,4.590000153,"Electronic Equipment, Instrume",Information Technology,USD
US4432011082,HWM UN,HOWMET AEROSPACE INC,26485100672,30,,415.998,5.730000019,Aerospace & Defense,Industrials,USD
US7237871071,PXD UN,PIONEER NATURAL RESOURCES CO,64148236564,,,2786.751,5,"Oil, Gas & Consumable Fuels",Energy,USD
US91913Y1001,VLO UN,VALERO ENERGY CORP,55022116381,33.33330154,,28731.832,5.039999962,"Oil, Gas & Consumable Fuels",Energy,USD
US8716071076,SNPS UW,SYNOPSYS INC,80831375894,30,,5.758,5.389999866,Software,Information Technology,USD
US29786A1060,ETSY UW,ETSY INC,8097773418,,,0.378,4.329999924,Broadline Retail,Consumer Discretionary,USD
US12541W2098,CHRW UW,C.H. ROBINSON WORLDWIDE INC,8164622844,30,,4.736,5.269999981,Air Freight & Logistics,Industrials,USD
IE00B4BNMY34,ACN UN,ACCENTURE PLC-CL A,2.12685E+11,50,Y,17.196,5.329999924,IT Services,Information Technology,USD
US8936411003,TDG UN,TRANSDIGM GROUP INC,68943422701,16.66670036,,39.887,3.470000029,Aerospace & Defense,Industrials,USD
US9884981013,YUM UN,YUM! BRANDS INC,39632385000,33.33330154,,37.12,6,"Hotels, Restaurants & Leisure",Consumer Discretionary,USD
US74340W1036,PLD UN,PROLOGIS INC,97158749050,27.27269936,,5.521,5.260000229,Industrial REITs,Real Estate,USD
US3379321074,FE UN,FIRSTENERGY CORP,21938687913,30,,18044.595,5.21999979,Electric Utilities,Utilities,USD
US92343E1029,VRSN UW,VERISIGN INC,18599727219,25,,21.507,2.869999886,IT Services,Information Technology,USD
US74762E1029,PWR UN,QUANTA SERVICES INC,36772466645,,,713.366,3.859999895,Construction & Engineering,Industrials,USD
US8064071025,HSIC UW,HENRY SCHEIN INC,9357283028,30.76919937,,52.237,3.559999943,Health Care Providers & Servic,Health Care,USD
US0236081024,AEE UN,AMEREN CORPORATION,19708455025,30.76919937,,25191.917,5.260000229,Multi-Utilities,Utilities,USD
US03662Q1058,ANSS UW,ANSYS INC,28494713798,,,1.691,3.980000019,Software,Information Technology,USD
US3030751057,FDS UN,FACTSET RESEARCH SYSTEMS INC,16029995147,33.33330154,,1.419,5.260000229,Capital Markets,Financials,USD
US67066G1040,NVDA UW,NVIDIA CORP,2.06315E+12,,,16.192,6.590000153,Semiconductors & Semiconductor,Information Technology,USD
US1924461023,CTSH UW,COGNIZANT TECH SOLUTIONS-A,33680252402,,,10.096,4.340000153,IT Services,Information Technology,USD
US46120E6023,ISRG UW,INTUITIVE SURGICAL INC,1.33564E+11,41.66669846,,7.779,3.329999924,Health Care Equipment & Suppli,Health Care,USD
US8740541094,TTWO UW,TAKE-TWO INTERACTIVE SOFTWRE,24305716445,30,,1.348,3.150000095,Entertainment,Communication Services,USD
US7607591002,RSG UN,REPUBLIC SERVICES INC,59860954866,33.33330154,,13693.688,5.849999905,Commercial Services & Supplies,Industrials,USD
US2786421030,EBAY UW,EBAY INC,26656280000,,,6.424,6.840000153,Broadline Retail,Consumer Discretionary,USD
US38141G1040,GS UN,GOLDMAN SACHS GROUP INC,1.42471E+11,38.46149826,,15.678,4.960000038,Capital Markets,Financials,USD
US78410G1040,SBAC UW,SBA COMMUNICATIONS CORP,21450882463,,,12.155,4.380000114,Specialized REITs,Real Estate,USD
US8168511090,SRE UN,SEMPRA,45141825502,22.22220039,,8472.448,5.559999943,Multi-Utilities,Utilities,USD
US6153691059,MCO UN,MOODY'S CORP,69683975000,30,,0.973,4.71999979,Capital Markets,Financials,USD
US6821891057,ON UW,ON SEMICONDUCTOR,26444104511,30,,698.711,6.050000191,Semiconductors & Semiconductor,Information Technology,USD
US09857L1089,BKNG UW,BOOKING HOLDINGS INC,1.20741E+11,,,5.528,4.010000229,"Hotels, Restaurants & Leisure",Consumer Discretionary,USD
US3156161024,FFIV UW,F5 INC,10620405499,27.27269936,N,0.966,2.5,Communications Equipment,Information Technology,USD
US00971T1016,AKAM UW,AKAMAI TECHNOLOGIES INC,15606117482,30,,0.063,4.03000021,IT Services,Information Technology,USD
US1598641074,CRL UN,CHARLES RIVER LABORATORIES,12307512874,27.27269936,,85.922,3.480000019,Life Sciences Tools & Services,Health Care,USD
US57060D1081,MKTX UW,MARKETAXESS HOLDINGS INC,7732593121,,,0.192,5.360000134,Capital Markets,Financials,USD
US25179M1036,DVN UN,DEVON ENERGY CORP,33366075000,,,4404.319,4.619999886,"Oil, Gas & Consumable Fuels",Energy,USD
US09073M1045,TECH UW,BIO-TECHNE CORP,10016254168,22.22220039,,2.516,2.99000001,Life Sciences Tools & Services,Health Care,USD
US02079K3059,GOOGL UW,ALPHABET INC-CL A,1.97773E+12,,,121.516,4.230000019,Interactive Media & Services,Communication Services,USD
US8793691069,TFX UN,TELEFLEX INC,9912457642,33.33330154,,59.627,4.900000095,Health Care Equipment & Suppli,Health Care,USD
IE00BFRT3W74,ALLE UN,ALLEGION PLC,11129431804,,,35.5,3.220000029,Building Products,Industrials,USD
US64110L1061,NFLX UW,NETFLIX INC,2.4932E+11,30.76919937,,49.924,3.539999962,Entertainment,Communication Services,USD
US9344231041,WBD UW,WARNER BROS DISCOVERY INC,20801601654,,N,549.86,1.590000033,Entertainment,Communication Services,USD
US00846U1016,A UN,AGILENT TECHNOLOGIES INC,40884142671,27.27269936,,12.362,6.860000134,Life Sciences Tools & Services,Health Care,USD
US8962391004,TRMB UW,TRIMBLE INC,14564541920,,,5.882,3.730000019,"Electronic Equipment, Instrume",Information Technology,USD
US0367521038,ELV UN,ELEVANCE HEALTH INC,1.24009E+11,45.45449829,,16.934,6.300000191,Health Care Providers & Servic,Health Care,USD
US12572Q1058,CME UW,CME GROUP INC,77773325247,21.7390995,,0.279,7.170000076,Capital Markets,Financials,USD
US48203R1041,JNPR UN,JUNIPER NETWORKS INC,11645292870,,,7.382,4.550000191,Communications Equipment,Information Technology,USD
US09247X1019,BLK UN,BLACKROCK INC,1.14856E+11,29.41180038,,4.775,5.909999847,Capital Markets,Financials,USD
US2333311072,DTE UN,DTE ENERGY COMPANY,22770030961,25,,27611.094,4.630000114,Multi-Utilities,Utilities,USD
US1508701034,CE UN,CELANESE CORP,16985046199,44.44440079,,2252.871,4.610000134,Chemicals,Materials,USD
US6311031081,NDAQ UW,NASDAQ INC,35147997460,,,0.088,5.840000153,Capital Markets,Financials,USD
US7181721090,PM UN,PHILIP MORRIS INTERNATIONAL,1.51023E+11,25,,294.855,6.53000021,Tobacco,Consumer Staples,USD
US45687V1061,IR UN,INGERSOLL-RAND INC,36474647404,,,45.376,5.840000153,Machinery,Industrials,USD
US79466L3024,CRM UN,SALESFORCE INC,2.68021E+11,,,5.677,5.449999809,Software,Information Technology,USD
US7766961061,ROP UW,ROPER TECHNOLOGIES INC,57844500763,,,4.543,4.809999943,Software,Information Technology,USD
US4464131063,HII UN,HUNTINGTON INGALLS INDUSTRIE,10882437573,33.33330154,,175.538,5.099999905,Aerospace & Defense,Industrials,USD
US59156R1086,MET UN,METLIFE INC,52180375989,,,14.072,4.739999771,Insurance,Financials,USD
US8760301072,TPR UN,TAPESTRY INC,9037026468,50,Y,8.38,4.210000038,"Textiles, Apparel & Luxury Goo",Consumer Discretionary,USD
US1264081035,CSX UW,CSX CORP,67884845700,27.27269936,,4003.448,6.400000095,Ground Transportation,Industrials,USD
US28176E1082,EW UN,EDWARDS LIFESCIENCES CORP,52673880000,33.33330154,,19.535,5.150000095,Health Care Equipment & Suppli,Health Care,USD
US03076C1062,AMP UN,AMERIPRISE FINANCIAL INC,40820780017,25,,8.936,4.139999866,Capital Markets,Financials,USD
US9892071054,ZBRA UW,ZEBRA TECHNOLOGIES CORP-CL A,14200793819,30,,2.09,3.319999933,"Electronic Equipment, Instrume",Information Technology,USD
US98956P1021,ZBH UN,ZIMMER BIOMET HOLDINGS INC,24862335987,30,,10.06,5.170000076,Health Care Equipment & Suppli,Health Care,USD
US1331311027,CPT UN,CAMDEN PROPERTY TRUST,10571740044,30,,19.032,4.389999866,Residential REITs,Real Estate,USD
US12504L1098,CBRE UN,CBRE GROUP INC - A,26583313290,,,58.31,4.900000095,Real Estate Management & Devel,Real Estate,USD
US57636Q1040,MA UN,MASTERCARD INC - A,4.31304E+11,,Y,5.149,5.019999981,Financial Services,Financials,USD
US1431301027,KMX UN,CARMAX INC,10977782310,,,84.615,3.410000086,Specialty Retail,Consumer Discretionary,USD
US45866F1049,ICE UN,INTERCONTINENTAL EXCHANGE IN,75573915772,60,,4.192,5.380000114,Capital Markets,Financials,USD
US31620M1062,FIS UN,FIDELITY NATIONAL INFO SERV,41522826964,,,9.801,4.5,Financial Services,Financials,USD
US1696561059,CMG UN,CHIPOTLE MEXICAN GRILL INC,79905136976,,,133.475,4.230000019,"Hotels, Restaurants & Leisure",Consumer Discretionary,USD
US9831341071,WYNN UW,WYNN RESORTS LTD,11077806047,44.44440079,,282.223,5.25,"Hotels, Restaurants & Leisure",Consumer Discretionary,USD
US5380341090,LYV UN,LIVE NATION ENTERTAINMENT IN,20958739500,,,197.555,1.549999952,Entertainment,Communication Services,USD
US04621X1081,AIZ UN,ASSURANT INC,9131950517,36.36360168,,1.973,2.470000029,Insurance,Financials,USD
US6293775085,NRG UN,NRG ENERGY INC,14906785720,41.66669846,,33559.162,4.78000021,Electric Utilities,Utilities,USD
US61174X1090,MNST UW,MONSTER BEVERAGE CORP,55871759457,,,17.866,4.420000076,Beverages,Consumer Staples,USD
US7591EP1005,RF UN,REGIONS FINANCIAL CORP,17812179570,38.46149826,,6.452,3.599999905,Banks,Financials,USD
US05722G1004,BKR UW,BAKER HUGHES CO,32897625062,20,Y,432.497,5.150000095,Energy Equipment & Services,Energy,USD
US61945C1036,MOS UN,MOSAIC CO/THE,9776126826,,,2935.881,6.360000134,Chemicals,Materials,USD
US30212P3038,EXPE UW,EXPEDIA GROUP INC,18341700812,,,3.188,5.099999905,"Hotels, Restaurants & Leisure",Consumer Discretionary,USD
US1252691001,CF UN,CF INDUSTRIES HOLDINGS INC,14805242005,33.33330154,,17610.112,4.940000057,Chemicals,Materials,USD
US03743Q1085,APA UW,APA CORP,11942603485,,N,4329.924,5.170000076,"Oil, Gas & Consumable Fuels",Energy,USD
US5253271028,LDOS UN,LEIDOS HOLDINGS INC,17341386098,25,,30.888,3.710000038,Professional Services,Industrials,USD
US02079K1079,GOOG UW,ALPHABET INC-CL C,1.97773E+12,,,121.516,4.230000019,Interactive Media & Services,Communication Services,USD
US3364331070,FSLR UW,FIRST SOLAR INC,19213225659,25,,6.036,6.21999979,Semiconductors & Semiconductor,Information Technology,USD
CH0102993182,TEL UN,TE CONNECTIVITY LTD,44448526189,33.33330154,Y,60.001,4.539999962,"Electronic Equipment, Instrume",Information Technology,USD
US2547091080,DFS UN,DISCOVER FINANCIAL SERVICES,32373980000,38.46149826,,6.168,4.019999981,Consumer Finance,Financials,USD
US92826C8394,V UN,VISA INC-CLASS A SHARES,5.66093E+11,33.33330154,,7.221,5.5,Financial Services,Financials,USD
US59522J1034,MAA UN,MID-AMERICA APARTMENT COMM,14910328878,30.76919937,,6.724,3.799999952,Residential REITs,Real Estate,USD
US98419M1009,XYL UN,XYLEM INC,31538950376,33.33330154,,37.63,5.940000057,Machinery,Industrials,USD
US56585A1025,MPC UN,MARATHON PETROLEUM CORP,71861826229,18.18180084,,31908.589,5.440000057,"Oil, Gas & Consumable Fuels",Energy,USD
US8923561067,TSCO UW,TRACTOR SUPPLY COMPANY,27727790144,44.44440079,,71.771,6.210000038,Specialty Retail,Consumer Discretionary,USD
US0079031078,AMD UW,ADVANCED MICRO DEVICES,2.46601E+11,33.33330154,,12.557,6.679999828,Semiconductors & Semiconductor,Information Technology,USD
US7611521078,RMD UN,RESMED INC,27012869078,30,,4.222,4.53000021,Health Care Equipment & Suppli,Health Care,USD
US5926881054,MTD UN,METTLER-TOLEDO INTERNATIONAL,26625426216,33.33330154,,27.083,5.289999962,Life Sciences Tools & Services,Health Care,USD
US9256521090,VICI UN,VICI PROPERTIES INC,29703326958,42.85710144,N,1.044,3.680000067,Specialized REITs,Real Estate,USD
US2172041061,CPRT UW,COPART INC,52293908934,18.18180084,N,54.123,2.970000029,Commercial Services & Supplies,Industrials,USD
US46982L1089,J UN,JACOBS SOLUTIONS INC,18171644294,30.76919937,Y,13.365,5.300000191,Professional Services,Industrials,USD
US0126531013,ALB UN,ALBEMARLE CORP,13496534251,30,,556.787,5.579999924,Chemicals,Materials,USD
US34959E1091,FTNT UW,FORTINET INC,49398623574,,,1.288,3.210000038,Software,Information Technology,USD
US60770K1079,MRNA UW,MODERNA INC,41335682912,33.33330154,,12.089,4.869999886,Biotechnology,Health Care,USD
US2971781057,ESS UN,ESSEX PROPERTY TRUST INC,15643859635,40,,31.386,5.760000229,Residential REITs,Real Estate,USD
US22160N1090,CSGP UW,COSTAR GROUP INC,34696980078,,,1.919,2.839999914,Real Estate Management & Devel,Real Estate,USD
US7561091049,O UN,REALTY INCOME CORP,45907894772,,,0.043,5.289999962,Retail REITs,Real Estate,USD
US96145D1054,WRK UN,WESTROCK CO,12144247707,33.33330154,,6048.502,5.949999809,Containers & Packaging,Materials,USD
US9297401088,WAB UN,WABTEC CORP,26116646325,33.33330154,,125.348,4.170000076,Machinery,Industrials,USD
US73278L1052,POOL UW,POOL CORP,14410941907,22.22220039,,0.338,2.660000086,Distributors,Consumer Discretionary,USD
US9581021055,WDC UW,WESTERN DIGITAL CORP,22779358641,33.33330154,,43.807,4.489999771,"Technology Hardware, Storage &",Information Technology,USD
US7134481081,PEP UW,PEPSICO INC,2.36202E+11,33.33330154,,3562.168,5.510000229,Beverages,Consumer Staples,USD
US25278X1090,FANG UW,DIAMONDBACK ENERGY INC,36363521514,,,1571.734,5.289999962,"Oil, Gas & Consumable Fuels",Energy,USD
US6974351057,PANW UW,PALO ALTO NETWORKS INC,94884777000,40,,1.297,5.590000153,Software,Information Technology,USD
US81762P1021,NOW UN,SERVICENOW INC,1.52572E+11,36.36360168,,2.672,5.010000229,Software,Information Technology,USD
US1713401024,CHD UN,CHURCH & DWIGHT CO INC,26036834411,30,,89.18,5.489999771,Household Products,Consumer Staples,USD
US3137451015,FRT UN,FEDERAL REALTY INVS TRUST,8532476481,42.85710144,,2.675,5.480000019,Retail REITs,Real Estate,USD
US5529531015,MGM UN,MGM RESORTS INTERNATIONAL,13622163770,36.36360168,,238.834,6.639999866,"Hotels, Restaurants & Leisure",Consumer Discretionary,USD
US0255371017,AEP UW,AMERICAN ELECTRIC POWER,44960277936,50,,48567.368,5.050000191,Electric Utilities,Utilities,USD
US46187W1071,INVH UN,INVITATION HOMES INC,20880015115,30,,74.303,3.640000105,Residential REITs,Real Estate,USD
US69370C1009,PTC UW,PTC INC,21548125477,30,,1.815,5.400000095,Software,Information Technology,USD
US4456581077,JBHT UW,HUNT (JB) TRANSPRT SVCS INC,17353108631,,,1835.89,5.539999962,Ground Transportation,Industrials,USD
US5128071082,LRCX UW,LAM RESEARCH CORP,1.16157E+11,30,,495.506,6.28000021,Semiconductors & Semiconductor,Information Technology,USD
US6081901042,MHK UN,MOHAWK INDUSTRIES INC,7259316872,11.1111002,,1904.784,#N/A Field Not Applicable,Household Durables,Consumer Discretionary,USD
US36266G1076,GEHC UW,GE HEALTHCARE TECHNOLOGY,39276174199,,,126.591,6.25,Health Care Equipment & Suppli,Health Care,USD
IE00BLS09M33,PNR UN,PENTAIR PLC,13007361200,40,N,50.041,4.400000095,Machinery,Industrials,USD
US92532F1003,VRTX UW,VERTEX PHARMACEUTICALS INC,1.04966E+11,36.36360168,,9.655,3.220000029,Biotechnology,Health Care,USD
JE00BJ1F3079,AMCR UN,AMCOR PLC,12986408760,30,N,515.951,6.710000038,Containers & Packaging,Materials,USD
US30303M1027,META UW,META PLATFORMS INC-CLASS A,1.26048E+12,44.44440079,,71.563,4.369999886,Interactive Media & Services,Communication Services,USD
US8725901040,TMUS UW,T-MOBILE US INC,1.93922E+11,,,93.769,5.320000172,Wireless Telecommunication Ser,Communication Services,USD
US9113631090,URI UN,UNITED RENTALS INC,44428461450,30,N,427.811,2.940000057,Trading Companies & Distributo,Industrials,USD
US0152711091,ARE UN,ALEXANDRIA REAL ESTATE EQUIT,20978981234,37.5,,87.552,4.96999979,Office REITs,Real Estate,USD
US4385161066,HON UW,HONEYWELL INTERNATIONAL INC,1.276E+11,33.33330154,,1059.688,5.760000229,Industrial Conglomerates,Industrials,USD
US2473617023,DAL UN,DELTA AIR LINES INC,31810668990,,,32454.756,5.179999828,Passenger Airlines,Industrials,USD
US9100471096,UAL UW,UNITED AIRLINES HOLDINGS INC,17896751971,,,31771.986,4.179999828,Passenger Airlines,Industrials,USD
IE00BKVD2N49,STX UW,SEAGATE TECHNOLOGY HOLDINGS,18196006814,25,,234.766,4.139999866,"Technology Hardware, Storage &",Information Technology,USD
US65249B2088,NWS UW,NEWS CORP - CLASS B,14254752361,37.5,N,15.354,3.559999943,Media,Communication Services,USD
US15135B1017,CNC UN,CENTENE CORP,40540512704,30,,45.393,3.099999905,Health Care Providers & Servic,Health Care,USD
US5732841060,MLM UN,MARTIN MARIETTA MATERIALS,36636739561,,,4455.452,3.289999962,Construction Materials,Materials,USD
US8807701029,TER UW,TERADYNE INC,15308070153,25,,3.782,4.909999847,Semiconductors & Semiconductor,Information Technology,USD
US70450Y1038,PYPL UW,PAYPAL HOLDINGS INC,69148785065,33.33330154,,4.572,5.110000134,Financial Services,Financials,USD
US88160R1014,TSLA UW,TESLA INC,4.61879E+11,,,208.472,5.610000134,Automobiles,Consumer Discretionary,USD
BMG0450A1053,ACGL UW,ARCH CAPITAL GROUP LTD,35050485821,25,,1.239,1.730000019,Insurance,Financials,USD
US2605571031,DOW UN,DOW INC,39959694294,33.33330154,,25091.183,5.730000019,Chemicals,Materials,USD
BMG3223R1088,EG UN,EVEREST GROUP LTD,15992616886,,,0.192,3.359999895,Insurance,Financials,USD
US8793601050,TDY UN,TELEDYNE TECHNOLOGIES INC,19332526594,27.27269936,,64.904,2.190000057,"Electronic Equipment, Instrume",Information Technology,USD
US36828A1016,GEV UN,GE VERNOVA INC,40099677431,,,1150.529,#N/A Field Not Applicable,Electrical Equipment,Industrials,USD
US65249B1098,NWSA UW,NEWS CORP - CLASS A,14257607957,37.5,N,15.354,3.559999943,Media,Communication Services,USD
US30161N1019,EXC UW,EXELON CORP,37525057879,44.44440079,,400.562,4.199999809,Electric Utilities,Utilities,USD
US37940X1028,GPN UN,GLOBAL PAYMENTS INC,32678958177,25,,1.85,3.99000001,Financial Services,Financials,USD
US22822V1017,CCI UN,CROWN CASTLE INC,41546850000,,,13.535,4.889999866,Specialized REITs,Real Estate,USD
JE00B783TY65,APTV UN,APTIV PLC,19207483542,30,,23.764,4.909999847,Automobile Components,Consumer Discretionary,USD
US0162551016,ALGN UW,ALIGN TECHNOLOGY INC,23405850216,40,,34.125,2.329999924,Health Care Equipment & Suppli,Health Care,USD
US4523271090,ILMN UW,ILLUMINA INC,19865678000,30,,17.315,6.570000172,Life Sciences Tools & Services,Health Care,USD
US49177J1025,KVUE UN,KENVUE INC,37249485459,,,158.464,#N/A Field Not Applicable,Personal Care Products,Consumer Staples,USD
US87612G1013,TRGP UN,TARGA RESOURCES CORP,25926190073,27.27269936,,8881.952,4.630000114,"Oil, Gas & Consumable Fuels",Energy,USD
CH1300646267,BG UN,BUNGE GLOBAL SA,15457646492,33.33330154,Y,1812.453,3.930000067,Food Products,Consumer Staples,USD
US5018892084,LKQ UW,LKQ CORP,11079201009,33.33330154,,263.405,5.909999847,Distributors,Consumer Discretionary,USD
US2435371073,DECK UN,DECKERS OUTDOOR CORP,21254312889,40,Y,0.358,3.690000057,"Textiles, Apparel & Luxury Goo",Consumer Discretionary,USD
US98978V1035,ZTS UN,ZOETIS INC,68158245098,41.66669846,,121.885,5.789999962,Pharmaceuticals,Health Care,USD
US29444U7000,EQIX UW,EQUINIX INC,72391792270,40,,40.824,5.130000114,Specialized REITs,Real Estate,USD
US2538681030,DLR UN,DIGITAL REALTY TRUST INC,44165395020,,,46.149,5.989999771,Specialized REITs,Real Estate,USD
US60855R1005,MOH UN,MOLINA HEALTHCARE INC,21164744000,22.22220039,,264.783,3,Health Care Providers & Servic,Health Care,USD
US5178341070,LVS UN,LAS VEGAS SANDS CORP,34410002623,25,,55.425,7.079999924,"Hotels, Restaurants & Leisure",Consumer Discretionary,USD