Ticker,Short Name,GICS Sector,GICS Ind Name,Curr Adj Mkt Cap,Mrkt Cap Sum,Weight,EV,ESG Score,UN Glob Comp Sign,% Women on Bd,GHG Scp 1 Est,GHG Scp 1 2 Watrfll Per Sale,Cntry Terrtry Of Rsk,Clmt Rsk Phys Lvl,Clmt Rsk Phys Cat,Fossl Fl Op Rev Pct,Oil Op Rev Pct,Coal Op Rev Pct,Tgt Temp Rise Scp 1 And 2 ST,Comp Clm Sci Bse Emiss Targts,Comp Clm Net 0 Emiss Tgt
MSFT UW,MICROSOFT CORP,Information Technology,Software,3187641.632,49440552.43,0.0644,3213849.632,5.710000038,Y,41.66669846,132.262,2.656,US,84,High Risk,0,0,0,3.2,#N/A N/A,Y
AAPL UW,APPLE INC,Information Technology,"Technology Hardware, Storage &",2931339.786,49440552.43,0.0593,2873592.786,6.010000229,#N/A N/A,33.33330154,58.636,0.163,US,80,High Risk,0,0,0,3.2,Y,Y
NVDA UW,NVIDIA CORP,Information Technology,Semiconductors & Semiconductor,2769576.519,49440552.43,0.0561,2750187.248,6.590000153,#N/A N/A,28.57139969,16.713,3.834,US,91,High Risk,0,0,0,1.51,Y,#N/A N/A
GOOGL UW,ALPHABET INC-A,Communication Services,Interactive Media & Services,2188653.64,49440552.43,0.0443,2108622.64,4.230000019,#N/A N/A,20,117.076,29.082,US,97,High Risk,0,0,0,3.2,Y,Y
GOOG UW,ALPHABET INC-C,Communication Services,Interactive Media & Services,2188903.37,49440552.43,0.0443,2108872.37,4.230000019,#N/A N/A,20,117.076,29.082,US,97,High Risk,0,0,0,3.2,Y,Y
AMZN UW,AMAZON.COM INC,Consumer Discretionary,Broadline Retail,1882558.899,49440552.43,0.0381,1951225.899,4.389999866,#N/A N/A,41.66669846,25010.789,92.077,US,81,High Risk,0,0,0,3.2,#N/A N/A,#N/A N/A
META UW,META PLATFORMS-A,Communication Services,Interactive Media & Services,1209868.986,49440552.43,0.0245,1189381.986,4.369999886,#N/A N/A,44.44440079,65.568,32.457,US,#N/A N/A,#N/A N/A,0,0,0,3.2,#N/A N/A,#N/A N/A
BRK/B UN,BERKSHIRE HATH-B,Financials,Financial Services,872659.304,49440552.43,0.0176,430099.304,1.24000001,N,28.57139969,93779.895,235.867,US,63,Moderate Risk,0,0,0,#N/A Field Not Applicable,N,N
LLY UN,ELI LILLY & CO,Health Care,Pharmaceuticals,765456.4979,49440552.43,0.0155,789166.7979,5.320000172,#N/A N/A,41.66669846,163.613,16.7,US,86,High Risk,0,0,0,3.2,#N/A N/A,#N/A N/A
AVGO UW,BROADCOM INC,Information Technology,Semiconductors & Semiconductor,651320.0118,49440552.43,0.0132,715357.0118,4.730000019,#N/A N/A,33.33330154,118.324,5.954,US,57,Moderate Risk,0,0,0,3.2,Y,#N/A N/A
JPM UN,JPMORGAN CHASE,Financials,Banks,574994.0594,49440552.43,0.0116,#N/A N/A,4.269999981,#N/A N/A,45.45449829,116.773,5.378,US,84,High Risk,0,0,0,3.2,#N/A N/A,#N/A N/A
TSLA UW,TESLA INC,Consumer Discretionary,Automobiles,565157.4528,49440552.43,0.0114,549007.4528,5.610000134,#N/A N/A,25,190.713,7.572,US,81,High Risk,0,0,0,#N/A Field Not Applicable,#N/A N/A,#N/A N/A
V UN,VISA INC-CLASS A,Financials,Financial Services,556143.4424,49440552.43,0.0112,552584.4424,5.5,#N/A N/A,33.33330154,7.221,0.348,US,#N/A N/A,#N/A N/A,0,0,0,3.2,#N/A N/A,#N/A N/A
WMT UN,WALMART INC,Consumer Staples,Consumer Staples Distribution,524820.7101,49440552.43,0.0106,586795.1297,3.910000086,#N/A N/A,27.27269936,8572.909,33.424,US,77,Moderate Risk,0,0,0,1.83,#N/A N/A,#N/A N/A
XOM UN,EXXON MOBIL CORP,Energy,"Oil, Gas & Consumable Fuels",512965.8357,49440552.43,0.0104,527887.8357,5.579999924,N,25,90363.219,323.089,US,79,Moderate Risk,87.8456,87.8456,0,#N/A Field Not Applicable,N,Y
UNH UN,UNITEDHEALTH GRP,Health Care,Health Care Providers & Servic,463920.0971,49440552.43,0.0094,515077.0971,6.340000153,#N/A N/A,30,270.5,1.608,US,86,High Risk,0,0,0,3.2,Y,Y
MA UN,MASTERCARD INC-A,Financials,Financial Services,412210.9629,49440552.43,0.0083,420247.9629,5.019999981,Y,33.33330154,5.141,0.173,US,#N/A N/A,#N/A N/A,0,0,0,1.68,Y,Y
PG UN,PROCTER & GAMBLE,Consumer Staples,Household Products,384867.2604,49440552.43,0.0078,411097.2604,5.159999847,#N/A N/A,46.15380096,2152.929,28.736,US,81,High Risk,0,0,0,3.2,#N/A N/A,Y
COST UW,COSTCO WHOLESALE,Consumer Staples,Consumer Staples Distribution,358675.019,49440552.43,0.0073,357787.019,3.25999999,#N/A N/A,33.33330154,1543.995,14.088,US,76,Moderate Risk,0,0,0,3.2,#N/A N/A,#N/A N/A
JNJ UN,JOHNSON&JOHNSON,Health Care,Pharmaceuticals,349305.4166,49440552.43,0.0071,356719.4166,6.420000076,#N/A N/A,46.15380096,426.671,14.033,US,83,High Risk,0,0,0,3.2,#N/A N/A,#N/A N/A
ORCL UN,ORACLE CORP,Information Technology,Software,341530.3496,49440552.43,0.0069,420165.3496,3.640000105,N,33.33330154,10.434,5.695,US,84,High Risk,0,0,0,2.02,Y,Y
HD UN,HOME DEPOT INC,Consumer Discretionary,Specialty Retail,325546.9373,49440552.43,0.0066,372557.9373,5.809999943,#N/A N/A,30.76919937,597.173,11.502,US,78,Moderate Risk,0,0,0,3.2,Y,#N/A N/A
MRK UN,MERCK & CO,Health Care,Pharmaceuticals,319538.8437,49440552.43,0.0065,348198.8437,5.840000153,#N/A N/A,46.15380096,703.273,20.554,US,75,Moderate Risk,0,0,0,3.2,Y,#N/A N/A
BAC UN,BANK OF AMERICA,Financials,Banks,308318.0993,49440552.43,0.0062,#N/A N/A,5.260000229,Y,38.46149826,83.968,5.987,US,86,High Risk,0,0,0,3.2,#N/A N/A,Y
CVX UN,CHEVRON CORP,Energy,"Oil, Gas & Consumable Fuels",293520.6669,49440552.43,0.0059,310108.6669,5.440000057,#N/A N/A,50,51635.677,312.728,US,86,High Risk,100,100,0,#N/A Field Not Applicable,#N/A N/A,Y
AMD UW,ADV MICRO DEVICE,Information Technology,Semiconductors & Semiconductor,278668.6745,49440552.43,0.0056,275631.6745,6.679999828,#N/A N/A,33.33330154,12.429,4.27,US,73,Moderate Risk,0,0,0,3.2,#N/A N/A,#N/A N/A
NFLX UW,NETFLIX INC,Communication Services,Entertainment,277619.0279,49440552.43,0.0056,287084.8949,3.539999962,#N/A N/A,30.76919937,49.924,3.459,US,88,High Risk,0,0,0,3.2,#N/A N/A,#N/A N/A
ABBV UN,ABBVIE INC,Health Care,Biotechnology,273550.578,49440552.43,0.0055,329522.578,4.829999924,Y,30.76919937,314.566,9.148,US,88,High Risk,0,0,0,2.04,Y,#N/A N/A
KO UN,COCA-COLA CO/THE,Consumer Staples,Beverages,265843.922,49440552.43,0.0054,292991.922,5.260000229,#N/A N/A,50,651.486,34.158,US,83,High Risk,0,0,0,3.2,#N/A N/A,#N/A N/A
CRM UN,SALESFORCE INC,Information Technology,Software,261373.2595,49440552.43,0.0053,260741.2595,5.449999809,Y,30.76919937,5.589,2.422,US,#N/A N/A,#N/A N/A,0,0,0,3.2,Y,Y
QCOM UW,QUALCOMM INC,Information Technology,Semiconductors & Semiconductor,238902.12,49440552.43,0.0048,240485.8,7.519999981,#N/A N/A,33.33330154,111.276,7.072,US,83,High Risk,0,0,0,1.99,Y,Y
PEP UW,PEPSICO INC,Consumer Staples,Beverages,237824.2267,49440552.43,0.0048,275485.2267,5.510000229,#N/A N/A,33.33330154,3566.857,63.243,US,79,Moderate Risk,0,0,0,3.2,Y,Y
TMO UN,THERMO FISHER,Health Care,Life Sciences Tools & Services,218024.9122,49440552.43,0.0044,246489.9122,4.139999866,#N/A N/A,33.33330154,380.209,20.383,US,81,High Risk,0,0,0,3.2,#N/A N/A,#N/A N/A
ADBE UW,ADOBE INC,Information Technology,Software,212074.24,49440552.43,0.0043,209340.24,6.039999962,#N/A N/A,33.33330154,6.41,1.701,US,86,High Risk,0,0,0,1.51,Y,Y
WFC UN,WELLS FARGO & CO,Financials,Banks,208045.869,49440552.43,0.0042,#N/A N/A,5.079999924,#N/A N/A,38.46149826,94.284,7.857,US,79,Moderate Risk,0,0,0,3.2,#N/A N/A,#N/A N/A
LIN UW,LINDE PLC,Materials,Chemicals,206416.8153,49440552.43,0.0042,223287.8153,6.260000229,#N/A N/A,20,17382.774,1219.749,US,77,Moderate Risk,0,0,0,2.58,#N/A N/A,#N/A N/A
ACN UN,ACCENTURE PLC-A,Information Technology,IT Services,199551.3388,49440552.43,0.004,198417.8438,5.329999924,Y,50,17.196,0.443,US,86,High Risk,0,0,0,2.31,Y,Y
TMUS UW,T-MOBILE US INC,Communication Services,Wireless Telecommunication Ser,196297.3069,49440552.43,0.004,305251.3069,5.320000172,#N/A N/A,21.42860031,95.135,40.749,US,81,High Risk,0,0,0,0.33,Y,Y
DHR UN,DANAHER CORP,Health Care,Life Sciences Tools & Services,191178.6031,49440552.43,0.0039,203445.2306,4.480000019,#N/A N/A,28.57139969,127,14.886,US,77,Moderate Risk,0,0,0,3.2,#N/A N/A,#N/A N/A
CSCO UW,CISCO SYSTEMS,Information Technology,Communications Equipment,188692.1179,49440552.43,0.0038,201915.1179,4.75,Y,36.36360168,32.054,2.255,US,82,High Risk,0,0,0,2.57,Y,Y
DIS UN,WALT DISNEY CO/T,Communication Services,Entertainment,187071.5601,49440552.43,0.0038,231246.5601,4.300000191,#N/A N/A,#N/A N/A,910.889,20.648,US,86,High Risk,0,0,0,3.2,Y,Y
AMAT UW,APPLIED MATERIAL,Information Technology,Semiconductors & Semiconductor,184133.322,49440552.43,0.0037,182485.322,6.539999962,#N/A N/A,30,65.47,9.701,US,83,High Risk,0,0,0,3.2,#N/A N/A,#N/A N/A
MCD UN,MCDONALDS CORP,Consumer Discretionary,"Hotels, Restaurants & Leisure",183636.8928,49440552.43,0.0037,233679.8928,4.340000153,#N/A N/A,33.33330154,113.28,18.316,US,77,Moderate Risk,0,0,0,3.2,#N/A N/A,#N/A N/A
GE UN,GENERAL ELECTRIC,Industrials,Aerospace & Defense,183215.2654,49440552.43,0.0037,162546.2654,5.940000057,#N/A N/A,33.33330154,672.093,25.04,US,78,Moderate Risk,0,0,0,3.2,#N/A N/A,#N/A N/A
TXN UW,TEXAS INSTRUMENT,Information Technology,Semiconductors & Semiconductor,182123.7437,49440552.43,0.0037,185919.7437,5.090000153,#N/A N/A,33.33330154,1124.528,151.42,US,84,High Risk,0,0,0,2.04,#N/A N/A,#N/A N/A
ABT UN,ABBOTT LABS,Health Care,Health Care Equipment & Suppli,177547.0214,49440552.43,0.0036,185445.7611,5.349999905,#N/A N/A,41.66669846,517.924,27.685,US,80,High Risk,0,0,0,3.2,#N/A N/A,#N/A N/A
AXP UN,AMERICAN EXPRESS,Financials,Consumer Finance,170669.0354,49440552.43,0.0035,167024.0354,4.170000076,#N/A N/A,28.57139969,25.741,1.975,US,62,Moderate Risk,0,0,0,3.2,#N/A N/A,#N/A N/A
CAT UN,CATERPILLAR INC,Industrials,Machinery,169877.3907,49440552.43,0.0034,175504.3907,4.610000134,#N/A N/A,30,677.17,23.665,US,83,High Risk,0,0,0,#N/A Field Not Applicable,#N/A N/A,#N/A N/A
INTU UW,INTUIT INC,Information Technology,Software,167451.4485,49440552.43,0.0034,169223.9255,4.599999905,N,36.36360168,5.141,2.026,US,87,High Risk,0,0,0,1.76,Y,Y
VZ UN,VERIZON COMMUNIC,Communication Services,Diversified Telecommunication,166013.013,49440552.43,0.0034,340674.013,5.239999771,#N/A N/A,33.33330154,304.184,32.48,US,76,Moderate Risk,0,0,0,1.19,#N/A N/A,#N/A N/A
MS UN,MORGAN STANLEY,Financials,Capital Markets,161281.144,49440552.43,0.0033,318739.144,5.329999924,#N/A N/A,30.76919937,35.716,3.397,US,77,Moderate Risk,0,0,0,3.2,#N/A N/A,Y
AMGN UW,AMGEN INC,Health Care,Biotechnology,161091.338,49440552.43,0.0033,215403.338,5.050000191,Y,23.07690048,129.314,10.622,US,83,High Risk,0,0,0,0,#N/A N/A,#N/A N/A
PFE UN,PFIZER INC,Health Care,Pharmaceuticals,160279.5801,49440552.43,0.0032,218166.5801,5.190000057,#N/A N/A,33.33330154,561.451,20.15,US,81,High Risk,0,0,0,3.2,Y,Y
NEE UN,NEXTERA ENERGY,Utilities,Electric Utilities,159488.55,49440552.43,0.0032,248531.55,6.199999809,#N/A N/A,38.46149826,50916.732,1959.252,US,90,High Risk,0,0,0,3.2,#N/A N/A,#N/A N/A
IBM UN,IBM,Information Technology,IT Services,156695.2428,49440552.43,0.0032,200523.2428,5.159999847,#N/A N/A,21.42860031,69.572,6.986,US,82,High Risk,0,0,0,1.65,#N/A N/A,#N/A N/A
PM UN,PHILIP MORRIS IN,Consumer Staples,Tobacco,155222.5131,49440552.43,0.0031,203387.5131,6.53000021,#N/A N/A,25,295.051,11.474,US,79,Moderate Risk,0,0,0,3.2,Y,Y
GS UN,GOLDMAN SACHS GP,Financials,Capital Markets,154475.4487,49440552.43,0.0031,314957.4487,4.960000038,#N/A N/A,38.46149826,14.997,0.23,US,76,Moderate Risk,0,0,0,3.2,#N/A N/A,Y
CMCSA UW,COMCAST CORP-A,Communication Services,Media,150941.8941,49440552.43,0.0031,241742.8941,3.289999962,#N/A N/A,18.18180084,498.415,16.544,US,89,High Risk,0,0,0,3.2,#N/A N/A,#N/A N/A
NOW UN,SERVICENOW INC,Information Technology,Software,148801.3,49440552.43,0.003,145964.3,5.010000229,#N/A N/A,36.36360168,2.672,6.696,US,#N/A N/A,#N/A N/A,0,0,0,0.45,#N/A N/A,#N/A N/A
BX UN,BLACKSTONE INC,Financials,Capital Markets,147711.551,49440552.43,0.003,163215.582,2.460000038,#N/A N/A,30,0.691,1.772,US,88,High Risk,0,0,0,#N/A Field Not Applicable,#N/A N/A,#N/A N/A
MU UW,MICRON TECH,Information Technology,Semiconductors & Semiconductor,145895.7485,49440552.43,0.0029,150642.7485,5.900000095,#N/A N/A,50,2079.793,370.639,US,71,Moderate Risk,0,0,0,3.2,#N/A N/A,#N/A N/A
ISRG UW,INTUITIVE SURGIC,Health Care,Health Care Equipment & Suppli,141882.3288,49440552.43,0.0029,137166.0288,3.329999924,#N/A N/A,41.66669846,7.805,5.246,US,89,High Risk,0,0,0,3.2,#N/A N/A,#N/A N/A
RTX UN,RTX CORP,Industrials,Aerospace & Defense,140209.7041,49440552.43,0.0028,180508.7041,4.690000057,#N/A N/A,30.76919937,495.29,22.509,US,79,Moderate Risk,0,0,0,3.2,Y,Y
UNP UN,UNION PAC CORP,Industrials,Ground Transportation,140364.6954,49440552.43,0.0028,172685.6954,4.940000057,#N/A N/A,33.33330154,10500.838,482.452,US,72,Moderate Risk,7.9439,0,7.9439,3.2,#N/A N/A,#N/A N/A
COP UN,CONOCOPHILLIPS,Energy,"Oil, Gas & Consumable Fuels",139244.7152,49440552.43,0.0028,151600.7152,6.329999924,#N/A N/A,16.66670036,12574.132,265.471,US,71,Moderate Risk,100,76.2491,0,3.2,#N/A N/A,#N/A N/A
NKE UN,NIKE INC -CL B,Consumer Discretionary,"Textiles, Apparel & Luxury Goo",138725.168,49440552.43,0.0028,140253.168,4.869999886,Y,33.33330154,46.362,1.441,US,83,High Risk,0,0,0,0,Y,Y
SPGI UN,S&P GLOBAL INC,Financials,Capital Markets,138434.2247,49440552.43,0.0028,153145.2247,5.659999847,Y,38.46149826,3.533,1.686,US,90,High Risk,0,0,0,1.68,Y,Y
ETN UN,EATON CORP PLC,Industrials,Electrical Equipment,135651.3924,49440552.43,0.0027,143030.3924,7.949999809,#N/A N/A,30,227.913,39.387,US,81,High Risk,0,0,0,2.15,#N/A N/A,#N/A N/A
INTC UW,INTEL CORP,Information Technology,Semiconductors & Semiconductor,132622.8558,49440552.43,0.0027,162405.8558,6.309999943,Y,41.66669846,988.469,17.802,US,76,Moderate Risk,0,0,0,3.2,Y,Y
UBER UN,UBER TECHNOLOGIE,Industrials,Ground Transportation,132057.6898,49440552.43,0.0027,138854.8994,5.860000134,#N/A N/A,36.36360168,1.718,2.429,US,#N/A N/A,#N/A N/A,0,0,0,3.2,Y,Y
HON UW,HONEYWELL INTL,Industrials,Industrial Conglomerates,130295.7093,49440552.43,0.0026,145242.7093,5.760000229,#N/A N/A,33.33330154,1071.877,53.433,US,81,High Risk,0,0,0,3.2,Y,#N/A N/A
SCHW UN,SCHWAB (CHARLES),Financials,Capital Markets,129983.2424,49440552.43,0.0026,162830.2424,3.420000076,#N/A N/A,29.41180038,9.295,5.143,US,97,High Risk,0,0,0,3.2,#N/A N/A,#N/A N/A
SYK UN,STRYKER CORP,Health Care,Health Care Equipment & Suppli,129058.1658,49440552.43,0.0026,140051.1658,5.809999943,#N/A N/A,40,67.35,10.142,US,82,High Risk,0,0,0,1.72,#N/A N/A,#N/A N/A
BKNG UW,BOOKING HOLDINGS,Consumer Discretionary,"Hotels, Restaurants & Leisure",128393.3354,49440552.43,0.0026,129521.3354,4.010000229,#N/A N/A,33.33330154,5.079,0.2,US,#N/A N/A,#N/A N/A,0,0,0,3.2,Y,Y
LRCX UW,LAM RESEARCH,Information Technology,Semiconductors & Semiconductor,126700.1797,49440552.43,0.0026,126011.3987,6.28000021,#N/A N/A,30,495.506,37.789,US,77,Moderate Risk,0,0,0,1.69,#N/A N/A,Y
T UN,AT&T INC,Communication Services,Diversified Telecommunication,124187.2596,49440552.43,0.0025,286777.2596,5.579999924,#N/A N/A,30,962.376,47.053,US,80,High Risk,0,0,0,3.2,#N/A N/A,#N/A N/A
LOW UN,LOWE'S COS INC,Consumer Discretionary,Specialty Retail,123192.9981,49440552.43,0.0025,159918.9981,5.510000229,#N/A N/A,36.36360168,459.395,19.458,US,70,Moderate Risk,0,0,0,1.63,#N/A N/A,Y
C UN,CITIGROUP INC,Financials,Banks,120626.4811,49440552.43,0.0024,324988.4811,4.28000021,Y,53.84619904,57.923,3.43,US,93,High Risk,0,0,0,3.2,#N/A N/A,Y
ELV UN,ELEVANCE HEALTH,Health Care,Health Care Providers & Servic,120573.741,49440552.43,0.0024,110859.741,6.300000191,#N/A N/A,45.45449829,16.934,0.756,US,#N/A N/A,#N/A N/A,0,0,0,3.2,#N/A N/A,#N/A N/A
PGR UN,PROGRESSIVE CORP,Financials,Insurance,120185.309,49440552.43,0.0024,126920.509,2.089999914,#N/A N/A,50,55.648,2.283,US,#N/A N/A,#N/A N/A,0,0,0,2.57,#N/A N/A,#N/A N/A
UPS UN,UNITED PARCEL-B,Industrials,Air Freight & Logistics,117656.4664,49440552.43,0.0024,137564.4664,3.720000029,#N/A N/A,41.66669846,15390.118,190.364,US,75,Moderate Risk,0,0,0,3.2,#N/A N/A,#N/A N/A
ADI UW,ANALOG DEVICES,Information Technology,Semiconductors & Semiconductor,115921.22,49440552.43,0.0023,121616.1,4.929999828,#N/A N/A,33.33330154,171.939,36.108,US,86,High Risk,0,0,0,1.51,#N/A N/A,Y
BLK UN,BLACKROCK INC,Financials,Capital Markets,115725.682,49440552.43,0.0023,120003.682,5.909999847,Y,29.41180038,4.775,1.613,US,91,High Risk,0,0,0,3.2,#N/A N/A,#N/A N/A
VRTX UW,VERTEX PHARM,Health Care,Biotechnology,115651.7865,49440552.43,0.0023,106201.7865,3.220000029,#N/A N/A,36.36360168,9.635,1.376,US,82,High Risk,0,0,0,1.87,Y,#N/A N/A
TJX UN,TJX COS INC,Consumer Discretionary,Specialty Retail,115665.3033,49440552.43,0.0023,123248.3033,3.329999924,#N/A N/A,50,133.369,15.534,US,78,Moderate Risk,0,0,0,3.2,#N/A N/A,#N/A N/A
BSX UN,BOSTON SCIENTIFC,Health Care,Health Care Equipment & Suppli,110631.0332,49440552.43,0.0022,119545.0332,5.46999979,#N/A N/A,36.36360168,66.212,7.785,US,82,High Risk,0,0,0,3.2,Y,Y
LMT UN,LOCKHEED MARTIN,Industrials,Aerospace & Defense,110122.0106,49440552.43,0.0022,126750.0106,5.21999979,#N/A N/A,30.76919937,284.187,10.886,US,83,High Risk,0,0,0,3.2,#N/A N/A,#N/A N/A
MDT UN,MEDTRONIC PLC,Health Care,Health Care Equipment & Suppli,109691.4199,49440552.43,0.0022,126916.4199,5.739999771,N,36.36360168,120.413,8.563,US,82,High Risk,0,0,0,0.8,Y,Y
CB UN,CHUBB LTD,Financials,Insurance,107439.6919,49440552.43,0.0022,125467.6919,2.400000095,Y,30.76919937,24.988,0.682,US,#N/A N/A,#N/A N/A,0,0,0,3.2,#N/A N/A,Y
BA UN,BOEING CO/THE,Industrials,Aerospace & Defense,107000.0202,49440552.43,0.0022,147404.0202,4.539999962,#N/A N/A,30.76919937,684.614,19.681,US,83,High Risk,0,0,0,2.11,#N/A N/A,#N/A N/A
REGN UW,REGENERON PHARM,Health Care,Biotechnology,106570.3166,49440552.43,0.0022,91775.31665,3.660000086,N,30.76919937,60.114,8.203,US,88,High Risk,0,0,0,3.2,#N/A N/A,#N/A N/A
KLAC UW,KLA CORP,Information Technology,Semiconductors & Semiconductor,106116.4774,49440552.43,0.0021,108645.8614,5.260000229,N,30,6.944,4.476,US,86,High Risk,0,0,0,3.2,Y,Y
DE UN,DEERE & CO,Industrials,Machinery,102853.3586,49440552.43,0.0021,106637.3586,5.53000021,#N/A N/A,33.33330154,451.453,12.086,US,80,Moderate Risk,0,0,0,3.2,Y,#N/A N/A
PANW UW,PALO ALTO NETWOR,Information Technology,Software,101032.076,49440552.43,0.002,96169.576,5.590000153,#N/A N/A,40,1.297,2.087,US,#N/A N/A,#N/A N/A,0,0,0,1.33,Y,Y
MMC UN,MARSH & MCLENNAN,Financials,Insurance,100934.5165,49440552.43,0.002,115061.5165,3.650000095,#N/A N/A,30.76919937,28.645,5.232,US,#N/A N/A,#N/A N/A,0,0,0,2.04,#N/A N/A,#N/A N/A
ADP UW,AUTOMATIC DATA,Industrials,Professional Services,99715.64722,49440552.43,0.002,99723.74722,3.359999895,#N/A N/A,41.66669846,13.077,5.445,US,82,High Risk,0,0,0,3.2,#N/A N/A,#N/A N/A
PLD UN,PROLOGIS INC,Real Estate,Industrial REITs,97602.47448,49440552.43,0.002,131329.9655,5.260000229,#N/A N/A,27.27269936,5.572,1.346,US,78,Moderate Risk,0,0,0,2.08,#N/A N/A,#N/A N/A
ANET UN,ARISTA NETWORKS,Information Technology,Communications Equipment,97242.83626,49440552.43,0.002,92300.38726,3.140000105,N,37.5,1.287,3.019,US,81,High Risk,0,0,0,3.2,#N/A N/A,#N/A N/A
CI UN,THE CIGNA GROUP,Health Care,Health Care Providers & Servic,95122.17923,49440552.43,0.0019,118512.1792,4.320000172,#N/A N/A,33.33330154,16.24,0.679,US,99,High Risk,0,0,0,3.2,#N/A N/A,#N/A N/A
ABNB UW,AIRBNB INC-A,Consumer Discretionary,"Hotels, Restaurants & Leisure",94468.34678,49440552.43,0.0019,85665.34678,2.609999895,#N/A N/A,22.22220039,1.74,0.953,US,#N/A N/A,#N/A N/A,0,0,0,3.2,#N/A N/A,#N/A N/A
SNPS UW,SYNOPSYS INC,Information Technology,Software,90475.63508,49440552.43,0.0018,89496.33308,5.389999866,#N/A N/A,30,7.73,10.028,US,86,High Risk,0,0,0,1.69,#N/A N/A,#N/A N/A
MDLZ UW,MONDELEZ INTER-A,Consumer Staples,Food Products,90407.59781,49440552.43,0.0018,108631.5978,6.650000095,#N/A N/A,30,979.704,35.579,US,80,High Risk,0,0,0,2.27,Y,Y
SBUX UW,STARBUCKS CORP,Consumer Discretionary,"Hotels, Restaurants & Leisure",88832.412,49440552.43,0.0018,110934.8,3.769999981,Y,28.57139969,516.924,20.391,US,78,Moderate Risk,0,0,0,3.2,#N/A N/A,Y
AMT UN,AMERICAN TOWER C,Real Estate,Specialized REITs,87226.2638,49440552.43,0.0018,139292.0638,4.570000172,#N/A N/A,41.66669846,677.088,120.847,US,97,High Risk,0,0,0,2.49,#N/A N/A,#N/A N/A
FI UN,FISERV INC,Financials,Financial Services,86782.3098,49440552.43,0.0018,110775.3098,3.420000076,Y,33.33330154,16.933,7.264,US,#N/A N/A,#N/A N/A,0,0,0,#N/A Field Not Applicable,#N/A N/A,#N/A N/A
CMG UN,CHIPOTLE MEXICAN,Consumer Discretionary,"Hotels, Restaurants & Leisure",86175.64803,49440552.43,0.0017,88913.27703,4.230000019,#N/A N/A,40,119.752,22.554,US,80,High Risk,0,0,0,3.2,Y,#N/A N/A
SO UN,SOUTHERN CO,Utilities,Electric Utilities,85129.641,49440552.43,0.0017,153356.641,5.710000038,#N/A N/A,26.66670036,78426.637,3404.3,US,89,High Risk,0,0,0,3.2,#N/A N/A,Y
HCA UN,HCA HEALTHCARE I,Health Care,Health Care Providers & Servic,83233.68184,49440552.43,0.0017,126937.6818,3.920000076,#N/A N/A,30,830.463,33.695,US,47,Low Risk,0,0,0,#N/A Field Not Applicable,#N/A N/A,#N/A N/A
BMY UN,BRISTOL-MYER SQB,Health Care,Pharmaceuticals,82725.95492,49440552.43,0.0017,130155.9549,5.260000229,#N/A N/A,33.33330154,186.191,8.091,US,87,High Risk,0,0,0,2.22,#N/A N/A,#N/A N/A
WM UN,WASTE MANAGEMENT,Industrials,Commercial Services & Supplies,82711.35647,49440552.43,0.0017,98483.35647,4.900000095,#N/A N/A,33.33330154,15018.313,814.332,US,81,High Risk,0,0,0,2.05,#N/A N/A,#N/A N/A
GD UN,GENERAL DYNAMICS,Industrials,Aerospace & Defense,81947.06461,49440552.43,0.0017,91974.06461,7.039999962,#N/A N/A,23.07690048,308.066,17.919,US,80,Moderate Risk,0,0,0,3.2,#N/A N/A,#N/A N/A
APH UN,AMPHENOL CORP-A,Information Technology,"Electronic Equipment, Instrume",81195.64759,49440552.43,0.0016,83624.64759,4.590000153,#N/A N/A,33.33330154,50.638,34.147,US,81,High Risk,0,0,0,3.14,#N/A N/A,#N/A N/A
CDNS UW,CADENCE DESIGN,Information Technology,Software,80333.9568,49440552.43,0.0016,79947.71941,4.369999886,#N/A N/A,30,7.55,1.035,US,84,High Risk,0,0,0,2.04,Y,Y
GILD UW,GILEAD SCIENCES,Health Care,Biotechnology,80120.81987,49440552.43,0.0016,100512.8199,5.710000038,Y,33.33330154,53.888,4.619,US,86,High Risk,0,0,0,1.98,#N/A N/A,#N/A N/A
DUK UN,DUKE ENERGY CORP,Utilities,Electric Utilities,78410.7,49440552.43,0.0016,163323.7,5.449999809,#N/A N/A,35.71429825,72896.127,2728.539,US,90,High Risk,7.7282,0,0,3.2,#N/A N/A,Y
ZTS UN,ZOETIS INC,Health Care,Pharmaceuticals,77839.38742,49440552.43,0.0016,82628.38742,5.789999962,#N/A N/A,41.66669846,121.885,43.319,US,81,High Risk,0,0,0,3.2,#N/A N/A,#N/A N/A
MO UN,ALTRIA GROUP INC,Consumer Staples,Tobacco,78117.64976,49440552.43,0.0016,99601.64976,4.010000229,#N/A N/A,41.66669846,116.475,13.008,US,68,Moderate Risk,0,0,0,3.2,#N/A N/A,#N/A N/A
FCX UN,FREEPORT-MCMORAN,Materials,Metals & Mining,77182.60646,49440552.43,0.0016,92531.60646,7.199999809,Y,41.66669846,4452.95,367.356,US,83,High Risk,0,0,0,3.2,Y,Y
ICE UN,INTERCONTINENTAL,Financials,Capital Markets,77078.29586,49440552.43,0.0016,98574.29586,5.380000114,#N/A N/A,60,4.192,8.405,US,#N/A N/A,#N/A N/A,0,0,0,#N/A Field Not Applicable,#N/A N/A,#N/A N/A
SHW UN,SHERWIN-WILLIAMS,Materials,Chemicals,76974.95579,49440552.43,0.0016,89479.05579,4.440000057,#N/A N/A,36.36360168,433.522,32.852,US,76,Moderate Risk,0,0,0,3.2,Y,#N/A N/A
CL UN,COLGATE-PALMOLIV,Consumer Staples,Household Products,75644.67071,49440552.43,0.0015,83410.67071,5.570000172,#N/A N/A,40,218.172,32.253,US,82,High Risk,0,0,0,1.72,Y,Y
CME UW,CME GROUP INC,Financials,Capital Markets,75386.88673,49440552.43,0.0015,77701.28673,7.170000076,#N/A N/A,21.7390995,0.28,4.088,US,#N/A N/A,#N/A N/A,0,0,0,#N/A Field Not Applicable,#N/A N/A,#N/A N/A
TT UN,TRANE TECHNOLOGI,Industrials,Building Products,74952.08213,49440552.43,0.0015,79004.08213,4.920000076,#N/A N/A,50,201.552,15.13,US,80,High Risk,0,0,0,3.2,Y,Y
TDG UN,TRANSDIGM GROUP,Industrials,Aerospace & Defense,74391.7629,49440552.43,0.0015,92834.7629,3.470000029,#N/A N/A,16.66670036,39.887,15.364,US,84,High Risk,0,0,0,#N/A Field Not Applicable,#N/A N/A,#N/A N/A
MCO UN,MOODY'S CORP,Financials,Capital Markets,74226.9,49440552.43,0.0015,77835.9,4.71999979,#N/A N/A,30,0.973,1.723,US,#N/A N/A,#N/A N/A,0,0,0,3.2,#N/A N/A,Y
EQIX UW,EQUINIX INC,Real Estate,Specialized REITs,73559.53631,49440552.43,0.0015,88335.53631,5.130000114,#N/A N/A,40,40.652,34.746,US,99,High Risk,0,0,0,3.2,Y,#N/A N/A
CEG UW,CONSTELLATION EN,Utilities,Electric Utilities,73243.55985,49440552.43,0.0015,82942.55985,3.75999999,#N/A N/A,27.27269936,13225.657,588.755,US,60,Moderate Risk,0,0,0,3.2,#N/A N/A,#N/A N/A
EOG UN,EOG RESOURCES,Energy,"Oil, Gas & Consumable Fuels",71867.56228,49440552.43,0.0015,71002.56228,5.110000134,#N/A N/A,33.33330154,5228.144,262.173,US,95,High Risk,100,85.1855,0,3.2,#N/A N/A,Y
NXPI UW,NXP SEMICONDUCTO,Information Technology,Semiconductors & Semiconductor,71778.10784,49440552.43,0.0015,78969.10784,5.960000038,Y,40,495.037,73.107,CN,81,High Risk,0,0,0,#N/A Field Not Applicable,#N/A N/A,#N/A N/A
MCK UN,MCKESSON CORP,Health Care,Health Care Providers & Servic,71641.51604,49440552.43,0.0015,74820.51604,4.889999866,#N/A N/A,#N/A N/A,110.945,1.035,US,59,Moderate Risk,0,0,0,3.2,#N/A N/A,#N/A N/A
ITW UN,ILLINOIS TOOL WO,Industrials,Machinery,71332.52,49440552.43,0.0014,78699.52,6.269999981,#N/A N/A,30,126.379,18.948,US,81,High Risk,0,0,0,2.99,#N/A N/A,#N/A N/A
CVS UN,CVS HEALTH CORP,Health Care,Health Care Providers & Servic,68229.52103,49440552.43,0.0014,137114.521,4.099999905,Y,38.46149826,237.067,2.973,US,83,High Risk,0,0,0,3.2,Y,Y
PH UN,PARKER HANNIFIN,Industrials,Machinery,68135.72257,49440552.43,0.0014,79100.80657,4.849999905,#N/A N/A,33.33330154,138.341,43.939,US,81,High Risk,0,0,0,3.2,#N/A N/A,#N/A N/A
CTAS UW,CINTAS CORP,Industrials,Commercial Services & Supplies,67844.41608,49440552.43,0.0014,70381.33108,4.739999771,N,20,555.046,75.673,US,74,Moderate Risk,0,0,0,#N/A Field Not Applicable,N,Y
NOC UN,NORTHROP GRUMMAN,Industrials,Aerospace & Defense,67640.29523,49440552.43,0.0014,81151.29523,4.510000229,#N/A N/A,46.15380096,294.053,19.548,US,78,Moderate Risk,0,0,0,3.2,#N/A N/A,Y
TGT UN,TARGET CORP,Consumer Staples,Consumer Staples Distribution,67540.66024,49440552.43,0.0014,83429.66024,4.889999866,#N/A N/A,33.33330154,883.529,23.935,US,79,Moderate Risk,0,0,0,3.2,#N/A N/A,#N/A N/A
MAR UW,MARRIOTT INTL-A,Consumer Discretionary,"Hotels, Restaurants & Leisure",66944.16803,49440552.43,0.0014,80024.16803,6.409999847,Y,46.15380096,1385.462,359.685,US,96,High Risk,0,0,0,3.2,Y,Y
SLB UN,SCHLUMBERGER LTD,Energy,Energy Equipment & Services,66993.05912,49440552.43,0.0014,76859.05912,6.190000057,Y,27.27269936,1558.256,57.569,US,82,High Risk,100,100,0,1.51,#N/A N/A,Y
ECL UN,ECOLAB INC,Materials,Chemicals,65992.3193,49440552.43,0.0013,73636.4193,6.130000114,Y,41.66669846,317.019,26.935,US,82,High Risk,0,0,0,3.2,Y,Y
CSX UW,CSX CORP,Industrials,Ground Transportation,65939.69317,49440552.43,0.0013,83461.69317,6.400000095,#N/A N/A,27.27269936,4004.152,308.539,US,78,Moderate Risk,28.2527,0,28.2527,3.2,#N/A N/A,#N/A N/A
BDX UN,BECTON DICKINSON,Health Care,Health Care Equipment & Suppli,65847.23207,49440552.43,0.0013,80683.23207,4.579999924,#N/A N/A,33.33330154,152.74,32.163,US,82,High Risk,0,0,0,3.2,#N/A N/A,#N/A N/A
PYPL UW,PAYPAL HOLDINGS,Financials,Financial Services,65022.22191,49440552.43,0.0013,61071.22191,5.110000134,Y,33.33330154,4.541,0.483,US,#N/A N/A,#N/A N/A,0,0,0,1.69,Y,Y
EMR UN,EMERSON ELEC CO,Industrials,Electrical Equipment,64527.159,49440552.43,0.0013,79525.159,6.300000191,#N/A N/A,30.76919937,144.571,41.117,US,79,Moderate Risk,0,0,0,3.2,#N/A N/A,Y
MPC UN,MARATHON PETROLE,Energy,"Oil, Gas & Consumable Fuels",63176.37873,49440552.43,0.0013,90982.37873,5.440000057,#N/A N/A,18.18180084,31923.726,279.901,US,77,Moderate Risk,100,100,0,3.2,#N/A N/A,#N/A N/A
USB UN,US BANCORP,Financials,Banks,62675.87241,49440552.43,0.0013,#N/A N/A,4.809999943,#N/A N/A,38.46149826,53.064,6.637,US,72,Moderate Risk,0,0,0,3.2,#N/A N/A,#N/A N/A
PNC UN,PNC FINANCIAL SE,Financials,Banks,61178.22893,49440552.43,0.0012,#N/A N/A,4.739999771,#N/A N/A,33.33330154,40.485,8.404,US,78,Moderate Risk,0,0,0,3.2,#N/A N/A,#N/A N/A
FDX UN,FEDEX CORP,Industrials,Air Freight & Logistics,60863.1519,49440552.43,0.0012,92733.1519,4.420000076,N,33.33330154,15829.243,193.61,US,80,Moderate Risk,0,0,0,3.2,N,Y
PSX UN,PHILLIPS 66,Energy,"Oil, Gas & Consumable Fuels",60582.76009,49440552.43,0.0012,80233.76009,5.019999981,#N/A N/A,38.46149826,28404.996,256.627,US,74,Moderate Risk,100,100,0,#N/A Field Not Applicable,#N/A N/A,#N/A N/A
WELL UN,WELLTOWER INC,Real Estate,Health Care REITs,60646.63986,49440552.43,0.0012,73844.58186,4.860000134,#N/A N/A,40,226.928,111.175,US,76,Moderate Risk,0,0,0,3.2,#N/A N/A,#N/A N/A
AON UN,AON PLC-CLASS A,Financials,Insurance,60610.99838,49440552.43,0.0012,71440.99838,3.700000048,#N/A N/A,#N/A N/A,18.112,3.774,US,#N/A N/A,#N/A N/A,0,0,0,3.2,#N/A N/A,Y
MSI UN,MOTOROLA SOLUTIO,Information Technology,Communications Equipment,60221.81098,49440552.43,0.0012,65601.81098,4.039999962,#N/A N/A,25,10.846,7.668,US,76,Moderate Risk,0,0,0,3.2,#N/A N/A,#N/A N/A
APD UN,AIR PRODS & CHEM,Materials,Chemicals,58797.68934,49440552.43,0.0012,71855.18934,5.25,#N/A N/A,25,15772.214,2105.736,US,83,High Risk,0,0,0,3.2,#N/A N/A,#N/A N/A
CARR UN,CARRIER GLOB,Industrials,Building Products,58376.59929,49440552.43,0.0012,74808.59929,5.579999924,#N/A N/A,33.33330154,186.306,18.111,US,82,High Risk,0,0,0,#N/A Field Not Applicable,#N/A N/A,#N/A N/A
RSG UN,REPUBLIC SVCS,Industrials,Commercial Services & Supplies,58160.11861,49440552.43,0.0012,71140.11861,5.849999905,#N/A N/A,33.33330154,13693.688,1013.676,US,91,High Risk,0,0,0,3.2,#N/A N/A,#N/A N/A
MRNA UW,MODERNA INC,Health Care,Biotechnology,57290.50664,49440552.43,0.0012,50046.66301,4.869999886,#N/A N/A,33.33330154,12.089,4.168,US,83,High Risk,0,0,0,3.2,#N/A N/A,#N/A N/A
ROP UW,ROPER TECHNOLOGI,Information Technology,Software,57177.83677,49440552.43,0.0012,64701.43677,4.809999943,#N/A N/A,44.44440079,4.441,5.357,US,78,Moderate Risk,0,0,0,#N/A Field Not Applicable,#N/A N/A,#N/A N/A
ORLY UW,O'REILLY AUTOMOT,Consumer Discretionary,Specialty Retail,56990.63882,49440552.43,0.0012,64489.45182,3.24000001,#N/A N/A,30,196.666,27.594,US,77,Moderate Risk,0,0,0,3.2,#N/A N/A,#N/A N/A
PCAR UW,PACCAR INC,Industrials,Machinery,56686.32998,49440552.43,0.0011,48959.12998,4.440000057,#N/A N/A,25,137.287,8.965,US,78,Moderate Risk,0,0,0,3.2,Y,#N/A N/A
OXY UN,OCCIDENTAL PETE,Energy,"Oil, Gas & Consumable Fuels",55219.73679,49440552.43,0.0011,83999.92179,5.710000038,#N/A N/A,#N/A N/A,17110.346,863.864,US,82,High Risk,81.7499,81.7499,0,1.44,#N/A N/A,Y
MMM UN,3M CO,Industrials,Industrial Conglomerates,54699.76025,49440552.43,0.0011,65952.76025,6.190000057,Y,33.33330154,2170.957,100.986,US,80,Moderate Risk,0,0,0,3.26,Y,#N/A N/A
AJG UN,ARTHUR J GALLAGH,Financials,Insurance,54319.1,49440552.43,0.0011,61116.7,3.769999981,#N/A N/A,22.22220039,3.991,5.506,US,76,Moderate Risk,0,0,0,#N/A Field Not Applicable,#N/A N/A,#N/A N/A
MNST UW,MONSTER BEVERAGE,Consumer Staples,Beverages,54180.28514,49440552.43,0.0011,50681.46714,4.420000076,#N/A N/A,30,18.146,4.268,US,85,High Risk,0,0,0,#N/A Field Not Applicable,#N/A N/A,#N/A N/A
VLO UN,VALERO ENERGY,Energy,"Oil, Gas & Consumable Fuels",53689.53612,49440552.43,0.0011,62436.53612,5.039999962,#N/A N/A,33.33330154,28731.832,255.518,US,85,High Risk,94.2694,94.2694,0,3.2,#N/A N/A,#N/A N/A
MCHP UW,MICROCHIP TECH,Information Technology,Semiconductors & Semiconductor,52872.53289,49440552.43,0.0011,58713.93289,4.71999979,#N/A N/A,25,423.93,87.042,US,82,High Risk,0,0,0,3.2,#N/A N/A,#N/A N/A
COF UN,CAPITAL ONE FINA,Financials,Consumer Finance,52418.8037,49440552.43,0.0011,56596.8037,4.059999943,#N/A N/A,25,9.269,2.362,US,82,High Risk,0,0,0,3.2,#N/A N/A,#N/A N/A
EW UN,EDWARDS LIFE,Health Care,Health Care Equipment & Suppli,52264.996,49440552.43,0.0011,51335.096,5.150000095,#N/A N/A,33.33330154,19.565,10.319,US,84,High Risk,0,0,0,3.2,#N/A N/A,#N/A N/A
SMCI UW,SUPER MICRO COMP,Information Technology,"Technology Hardware, Storage &",52032.74433,49440552.43,0.0011,50084.64333,1.690000057,N,22.22220039,4.349,2.322,US,87,High Risk,0,0,0,3.2,N,N
AIG UN,AMERICAN INTERNA,Financials,Insurance,51188.71353,49440552.43,0.001,77532.71353,2.799999952,#N/A N/A,45.45449829,6.43,0.009,US,32,Low Risk,0,0,0,3.2,N,Y
CPRT UW,COPART INC,Industrials,Commercial Services & Supplies,51049.88784,49440552.43,0.001,48005.39384,2.970000029,N,18.18180084,54.123,24.654,US,81,High Risk,0,0,0,#N/A Field Not Applicable,N,N
TFC UN,TRUIST FINANCIAL,Financials,Banks,50981.46312,49440552.43,0.001,#N/A N/A,3.720000029,#N/A N/A,33.33330154,18.467,4.989,US,84,High Risk,0,0,0,3.2,#N/A N/A,Y
MET UN,METLIFE INC,Financials,Insurance,50759.98908,49440552.43,0.001,54936.98908,4.739999771,#N/A N/A,35.71429825,15.086,1.251,US,84,High Risk,0,0,0,3.2,#N/A N/A,Y
NSC UN,NORFOLK SOUTHERN,Industrials,Ground Transportation,50785.47349,49440552.43,0.001,67716.47349,5.170000076,N,23.07690048,3918.231,360.638,US,75,Moderate Risk,0,0,0,3.2,#N/A N/A,#N/A N/A
HLT UN,HILTON WORLDWIDE,Consumer Discretionary,"Hotels, Restaurants & Leisure",50259.25645,49440552.43,0.001,59877.25645,6.28000021,#N/A N/A,44.44440079,488.266,265.332,US,#N/A N/A,#N/A N/A,0,0,0,3.2,#N/A N/A,#N/A N/A
DXCM UW,DEXCOM,Health Care,Health Care Equipment & Suppli,50466.07892,49440552.43,0.001,50101.57892,4.159999847,#N/A N/A,36.36360168,3.901,9.157,US,64,Moderate Risk,0,0,0,#N/A Field Not Applicable,#N/A N/A,#N/A N/A
AFL UN,AFLAC INC,Financials,Insurance,49588.77295,49440552.43,0.001,52509.77295,2.069999933,#N/A N/A,45.45449829,3.241,0.76,US,#N/A N/A,#N/A N/A,0,0,0,3.2,#N/A N/A,Y
GEV UN,GE VERNOVA INC,Industrials,Electrical Equipment,49373.76611,49440552.43,0.001,48786.76611,#N/A Field Not Applicable,#N/A N/A,#N/A N/A,1150.529,62.146,US,#N/A N/A,#N/A N/A,16.6521,0,0,#N/A Field Not Applicable,#N/A N/A,#N/A N/A
GM UN,GENERAL MOTORS C,Consumer Discretionary,Automobiles,49367.69327,49440552.43,0.001,49958.69327,6.190000057,Y,46.15380096,1558.379,29.947,US,72,Moderate Risk,0,0,0,3.2,Y,Y
WMB UN,WILLIAMS COS INC,Energy,"Oil, Gas & Consumable Fuels",49274.22499,49440552.43,0.001,78010.22499,5.860000134,#N/A N/A,25,11343.219,1295.654,US,59,Moderate Risk,100,100,0,3.2,#N/A N/A,#N/A N/A
JCI UN,JOHNSON CONTROLS,Industrials,Building Products,49124.42242,49440552.43,0.001,61543.42242,6.880000114,#N/A N/A,36.36360168,419.729,31.724,US,78,Moderate Risk,0,0,0,2.68,Y,Y
NEM UN,NEWMONT CORP,Materials,Metals & Mining,48986.37788,49440552.43,0.001,56280.37788,7.090000153,#N/A N/A,42.85710144,1579.69,262.997,US,77,Moderate Risk,0,0,0,3.2,Y,Y
TRV UN,TRAVELERS COS IN,Financials,Insurance,48452.71181,49440552.43,0.001,55817.71181,2.460000038,N,35.71429825,15.143,1.014,US,#N/A N/A,#N/A N/A,0,0,0,#N/A Field Not Applicable,N,N
SPG UN,SIMON PROPERTY,Real Estate,Retail REITs,48237.29458,49440552.43,0.001,73768.10058,3.930000067,#N/A N/A,23.07690048,23.235,39.324,US,78,Moderate Risk,0,0,0,3.2,#N/A N/A,#N/A N/A
AZO UN,AUTOZONE INC,Consumer Discretionary,Specialty Retail,48102.05922,49440552.43,0.001,56822.98922,5.079999924,#N/A N/A,30,242.251,27.665,US,79,Moderate Risk,0,0,0,3.2,Y,#N/A N/A
SRE UN,SEMPRA,Utilities,Multi-Utilities,48077.2911,49440552.43,0.001,85429.2911,5.559999943,#N/A N/A,22.22220039,8409.618,472.905,US,92,High Risk,48.8825,0,0,3.2,#N/A N/A,Y
PSA UN,PUBLIC STORAGE,Real Estate,Specialized REITs,47758.79955,49440552.43,0.001,61001.68055,4.650000095,#N/A N/A,#N/A N/A,28.019,26.067,US,#N/A N/A,#N/A N/A,0,0,0,3.2,#N/A N/A,#N/A N/A
DLR UN,DIGITAL REALTY,Real Estate,Specialized REITs,47630.55187,49440552.43,0.001,65569.85987,5.989999771,#N/A N/A,25,45.338,445.135,US,96,High Risk,0,0,0,3.2,Y,#N/A N/A
F UN,FORD MOTOR CO,Consumer Discretionary,Automobiles,47409.00374,49440552.43,0.001,42692.00374,5.760000229,Y,28.57139969,1513.968,15.123,US,73,Moderate Risk,0,0,0,3.2,Y,Y
OKE UN,ONEOK INC,Energy,"Oil, Gas & Consumable Fuels",47386.29254,49440552.43,0.001,69322.29254,4.960000038,#N/A N/A,25,3588.638,391.037,US,71,Moderate Risk,100,76.5075,0,3.2,#N/A N/A,#N/A N/A
DHI UN,DR HORTON INC,Consumer Discretionary,Household Durables,47091.65146,49440552.43,0.001,50494.55146,4.050000191,#N/A N/A,25,81.274,4.567,US,79,Moderate Risk,0,0,0,#N/A Field Not Applicable,#N/A N/A,#N/A N/A
HES UN,HESS CORP,Energy,"Oil, Gas & Consumable Fuels",46841.81416,49440552.43,0.0009,55703.65198,4.769999981,#N/A N/A,25,2375.435,293.546,US,78,Moderate Risk,100,100,0,1.83,#N/A N/A,#N/A N/A
ROST UW,ROSS STORES INC,Consumer Discretionary,Specialty Retail,46865.72427,49440552.43,0.0009,48046.05327,1.980000019,#N/A N/A,41.66669846,30.003,14.855,US,83,High Risk,0,0,0,3.2,#N/A N/A,#N/A N/A
AEP UW,AMERICAN ELECTRI,Utilities,Electric Utilities,46861.26884,49440552.43,0.0009,90592.76884,5.050000191,#N/A N/A,50,44458.859,2547.522,US,86,High Risk,0,0,0,3.2,#N/A N/A,Y
GWW UN,WW GRAINGER INC,Industrials,Trading Companies & Distributo,46482.87898,49440552.43,0.0009,48702.87898,3.400000095,N,30.76919937,32.321,6.552,US,81,High Risk,0,0,0,3.2,#N/A N/A,#N/A N/A
TEL UN,TE CONNECTIVITY,Information Technology,"Electronic Equipment, Instrume",46356.86942,49440552.43,0.0009,49487.86942,4.539999962,Y,33.33330154,60.001,9.718,US,81,High Risk,0,0,0,3.2,Y,Y
KDP UW,KEURIG DR PEPPER,Consumer Staples,Beverages,45906.52282,49440552.43,0.0009,62058.52282,5.639999866,#N/A N/A,36.36360168,319.54,36.244,US,77,Moderate Risk,0,0,0,3.2,#N/A N/A,#N/A N/A
FTNT UW,FORTINET INC,Information Technology,Software,45675.8535,49440552.43,0.0009,43645.5535,3.210000038,#N/A N/A,25,1.352,0.432,US,75,Moderate Risk,0,0,0,3.2,Y,Y
O UN,REALTY INCOME,Real Estate,Retail REITs,45419.59458,49440552.43,0.0009,70953.94158,5.289999962,#N/A N/A,33.33330154,0.042,0.435,US,#N/A N/A,#N/A N/A,0,0,0,#N/A Field Not Applicable,#N/A N/A,#N/A N/A
EL UN,ESTEE LAUDER,Consumer Staples,Personal Care Products,45300.96818,49440552.43,0.0009,52279.96818,4.71999979,N,37.5,27.913,2.025,US,76,Moderate Risk,0,0,0,3.2,Y,Y
ADSK UW,AUTODESK INC,Information Technology,Software,45112.60289,49440552.43,0.0009,45258.60289,5.510000229,Y,45.45449829,1.464,0.242,US,#N/A N/A,#N/A N/A,0,0,0,3.2,Y,Y
STZ UN,CONSTELLATION-A,Consumer Staples,Beverages,45021.3287,49440552.43,0.0009,57748.0287,4.590000153,#N/A N/A,#N/A N/A,298.937,39.783,US,80,High Risk,0,0,0,#N/A Field Not Applicable,#N/A N/A,#N/A N/A
URI UN,UNITED RENTALS,Industrials,Trading Companies & Distributo,44562.64438,49440552.43,0.0009,57504.64438,2.940000057,N,30,426.575,34.946,US,79,Moderate Risk,0,0,0,3.2,#N/A N/A,#N/A N/A
D UN,DOMINION ENERGY,Utilities,Multi-Utilities,44518.08416,49440552.43,0.0009,85853.08416,5.710000038,#N/A N/A,30.76919937,35873.083,2714.628,US,88,High Risk,0,0,0,3.2,#N/A N/A,Y
BK UN,BANK NY MELLON,Financials,Capital Markets,43964.09294,49440552.43,0.0009,#N/A N/A,4.190000057,#N/A N/A,40,10.725,4.59,US,85,High Risk,0,0,0,1.97,#N/A N/A,#N/A N/A
CHTR UW,CHARTER COMMUN-A,Communication Services,Media,43745.40493,49440552.43,0.0009,141049.4049,4.690000057,N,7.692309856,433.837,30.443,US,#N/A N/A,#N/A N/A,0,0,0,#N/A Field Not Applicable,N,Y
A UN,AGILENT TECH INC,Health Care,Life Sciences Tools & Services,43589.04294,49440552.43,0.0009,44396.04294,6.860000134,#N/A N/A,27.27269936,12.362,7.6,US,77,Moderate Risk,0,0,0,3.2,#N/A N/A,Y
KMB UN,KIMBERLY-CLARK,Consumer Staples,Household Products,43556.6862,49440552.43,0.0009,50813.6862,7.159999847,Y,53.84619904,1755.132,160.615,US,86,High Risk,0,0,0,3.2,Y,#N/A N/A
PAYX UW,PAYCHEX INC,Industrials,Professional Services,43566.36316,49440552.43,0.0009,42704.96316,4.5,#N/A N/A,25,2.683,1.258,US,91,High Risk,0,0,0,3.2,#N/A N/A,Y
ALL UN,ALLSTATE CORP,Financials,Insurance,43437.82449,49440552.43,0.0009,52416.82449,3.450000048,#N/A N/A,25,59.995,3.248,US,#N/A N/A,#N/A N/A,0,0,0,0.83,#N/A N/A,Y
AMP UN,AMERIPRISE FINAN,Financials,Capital Markets,43374.20062,49440552.43,0.0009,39767.20062,4.139999866,#N/A N/A,25,8.936,2.623,US,70,Moderate Risk,0,0,0,#N/A Field Not Applicable,#N/A N/A,#N/A N/A
LEN UN,LENNAR CORP-A,Consumer Discretionary,Household Durables,42990.29466,49440552.43,0.0009,42413.91766,1.789999962,N,27.27269936,140.331,8.257,US,78,Moderate Risk,0,0,0,#N/A Field Not Applicable,N,N
KHC UW,KRAFT HEINZ CO/T,Consumer Staples,Food Products,42852.58284,49440552.43,0.0009,61937.58284,4.989999771,#N/A N/A,33.33330154,495.759,46.444,US,76,Moderate Risk,0,0,0,2.85,#N/A N/A,#N/A N/A
CCI UN,CROWN CASTLE INC,Real Estate,Specialized REITs,42787.50187,49440552.43,0.0009,71786.50187,4.889999866,#N/A N/A,#N/A N/A,13.535,8.363,US,#N/A N/A,#N/A N/A,0,0,0,#N/A Field Not Applicable,#N/A N/A,#N/A N/A
COR UN,CENCORA INC,Health Care,Health Care Providers & Servic,42550.34683,49440552.43,0.0009,45874.82683,4.260000229,#N/A N/A,20,124.635,0.798,US,74,Moderate Risk,0,0,0,3.2,#N/A N/A,#N/A N/A
KMI UN,KINDER MORGAN IN,Energy,"Oil, Gas & Consumable Fuels",42456.82518,49440552.43,0.0009,75854.82518,5.949999809,#N/A N/A,15.38459969,14729.67,1244.188,US,79,Moderate Risk,100,40.3156,0,3.2,#N/A N/A,#N/A N/A
PRU UN,PRUDENTL FINL,Financials,Insurance,42397.9,49440552.43,0.0009,51839.9,3.849999905,#N/A N/A,50,12.459,0.92,US,#N/A N/A,#N/A N/A,0,0,0,3.2,#N/A N/A,#N/A N/A
HUM UN,HUMANA INC,Health Care,Health Care Providers & Servic,42010.13638,49440552.43,0.0008,32274.13638,6.25,#N/A N/A,27.27269936,128.933,2.438,US,#N/A N/A,#N/A N/A,0,0,0,3.2,#N/A N/A,#N/A N/A
FIS UN,FIDELITY NATIONA,Financials,Financial Services,41907.98402,49440552.43,0.0008,49776.98402,4.5,#N/A N/A,33.33330154,11.432,7.803,US,#N/A N/A,#N/A N/A,0,0,0,#N/A Field Not Applicable,#N/A N/A,#N/A N/A
LHX UN,L3HARRIS TECHNOL,Industrials,Aerospace & Defense,41699.32902,49440552.43,0.0008,54994.32902,6.199999809,N,28.57139969,74.187,16.084,US,81,High Risk,0,0,0,1.66,#N/A N/A,#N/A N/A
IDXX UW,IDEXX LABS,Health Care,Health Care Equipment & Suppli,41579.41615,49440552.43,0.0008,42154.86115,4.559999943,#N/A N/A,36.36360168,15.237,10.381,US,76,Moderate Risk,0,0,0,#N/A Field Not Applicable,#N/A N/A,#N/A N/A
PWR UN,QUANTA SERVICES,Industrials,Construction & Engineering,41316.67754,49440552.43,0.0008,44802.73054,3.859999895,#N/A N/A,30,706.923,37.54,US,64,Moderate Risk,0,0,0,#N/A Field Not Applicable,#N/A N/A,#N/A N/A
IQV UN,IQVIA HOLDINGS I,Health Care,Life Sciences Tools & Services,41124.362,49440552.43,0.0008,53289.362,3.660000086,Y,40,8.62,2.667,US,#N/A N/A,#N/A N/A,0,0,0,3.2,Y,Y
DOW UN,DOW INC,Materials,Chemicals,40993.49842,49440552.43,0.0008,55500.49842,5.730000019,#N/A N/A,33.33330154,25091.183,697.111,US,83,High Risk,0,0,0,2.57,#N/A N/A,Y
NUE UN,NUCOR CORP,Materials,Metals & Mining,40836.22467,49440552.43,0.0008,43180.54467,6.010000229,#N/A N/A,33.33330154,5241.391,318.864,US,74,Moderate Risk,0,0,0,#N/A Field Not Applicable,#N/A N/A,#N/A N/A
HSY UN,HERSHEY CO/THE,Consumer Staples,Food Products,39804.77344,49440552.43,0.0008,44981.09644,6.260000229,#N/A N/A,45.45449829,177.836,39.805,US,71,Moderate Risk,0,0,0,3.2,#N/A N/A,#N/A N/A
CNC UN,CENTENE CORP,Health Care,Health Care Providers & Servic,39203.24813,49440552.43,0.0008,37642.24813,3.099999905,#N/A N/A,30,20.946,0.454,US,86,High Risk,0,0,0,#N/A Field Not Applicable,N,N
AME UN,AMETEK INC,Industrials,Electrical Equipment,39317.42303,49440552.43,0.0008,42110.70503,5.550000191,#N/A N/A,33.33330154,24.873,17.518,US,83,High Risk,0,0,0,#N/A Field Not Applicable,#N/A N/A,#N/A N/A
PCG UN,PG&E CORP,Utilities,Electric Utilities,39181.87774,49440552.43,0.0008,96981.87774,6.659999847,#N/A N/A,26.66670036,3962.824,193.877,US,85,High Risk,28.672,0,0,3.2,#N/A N/A,#N/A N/A
MSCI UN,MSCI INC,Financials,Capital Markets,39034.55607,49440552.43,0.0008,43181.71607,4.650000095,#N/A N/A,33.33330154,0.165,3.194,US,#N/A N/A,#N/A N/A,0,0,0,3.2,#N/A N/A,#N/A N/A
OTIS UN,OTIS WORLDWI,Industrials,Machinery,38806.9034,49440552.43,0.0008,45295.9034,4.5,#N/A N/A,45.45449829,124.874,14.82,US,86,High Risk,0,0,0,3.2,#N/A N/A,#N/A N/A
ACGL UW,ARCH CAPITAL GRP,Financials,Insurance,38593.29768,49440552.43,0.0008,41157.29768,1.730000019,#N/A N/A,25,1.239,0.544,US,#N/A N/A,#N/A N/A,0,0,0,#N/A Field Not Applicable,#N/A N/A,Y
CMI UN,CUMMINS INC,Industrials,Machinery,38547.30437,49440552.43,0.0008,43365.30437,4.789999962,#N/A N/A,33.33330154,320.578,28.13,US,77,Moderate Risk,1.3416,0,0,3.2,#N/A N/A,#N/A N/A
YUM UN,YUM! BRANDS INC,Consumer Discretionary,"Hotels, Restaurants & Leisure",38530.10292,49440552.43,0.0008,49814.10292,6,#N/A N/A,33.33330154,37.12,20.528,US,77,Moderate Risk,0,0,0,3.2,#N/A N/A,#N/A N/A
RCL UN,ROYAL CARIBBEAN,Consumer Discretionary,"Hotels, Restaurants & Leisure",38450.54337,49440552.43,0.0008,59372.54337,4.900000095,#N/A N/A,28.57139969,6898.429,418.975,US,#N/A N/A,#N/A N/A,0,0,0,3.2,#N/A N/A,Y
CTVA UN,CORTEVA INC,Materials,Chemicals,38207.12618,49440552.43,0.0008,41430.12618,6.090000153,#N/A N/A,30.76919937,494.461,58.486,US,67,Moderate Risk,0,0,0,3.2,#N/A N/A,N
IR UN,INGERSOLL-RAND I,Industrials,Machinery,38188.86186,49440552.43,0.0008,39561.76186,5.840000153,#N/A N/A,36.36360168,43.905,17.255,US,81,High Risk,0,0,0,3.2,#N/A N/A,#N/A N/A
KR UN,KROGER CO,Consumer Staples,Consumer Staples Distribution,37830.87678,49440552.43,0.0008,55180.87678,5.920000076,#N/A N/A,45.45449829,2229.285,39.029,US,75,Moderate Risk,0,0,0,3.2,#N/A N/A,#N/A N/A
GIS UN,GENERAL MILLS IN,Consumer Staples,Food Products,37649.757,49440552.43,0.0008,49829.657,6.289999962,Y,50,318.195,38.329,US,78,Moderate Risk,0,0,0,2.18,Y,Y
ODFL UW,OLD DOMINION FRT,Industrials,Ground Transportation,37305.67573,49440552.43,0.0008,36804.68173,4.619999886,#N/A N/A,20,1374.016,259.396,US,74,Moderate Risk,0,0,0,#N/A Field Not Applicable,#N/A N/A,#N/A N/A
FAST UW,FASTENAL CO,Industrials,Trading Companies & Distributo,37333.66611,49440552.43,0.0008,37579.96611,4.010000229,#N/A N/A,36.36360168,151.645,30.389,US,75,Moderate Risk,0,0,0,3.2,#N/A N/A,#N/A N/A
PEG UN,PUB SERV ENTERP,Utilities,Multi-Utilities,37324.19258,49440552.43,0.0008,58095.19258,5.619999886,#N/A N/A,40,1789.252,223.538,US,91,High Risk,17.6382,0,0,3.2,#N/A N/A,Y
LULU UW,LULULEMON ATH,Consumer Discretionary,"Textiles, Apparel & Luxury Goo",37260.5931,49440552.43,0.0008,36419.9041,4.639999866,#N/A N/A,50,5.135,3.312,US,75,Moderate Risk,0,0,0,3.2,#N/A N/A,#N/A N/A
VST UN,VISTRA CORP,Utilities,Independent Power and Renewabl,36980.16791,49440552.43,0.0007,55513.16791,5.420000076,#N/A N/A,33.33330154,49101.915,3608.286,US,80,High Risk,28.3119,0,0,3.2,#N/A N/A,#N/A N/A
KVUE UN,KENVUE INC,Consumer Staples,Personal Care Products,36994.14458,49440552.43,0.0007,44394.14458,#N/A Field Not Applicable,#N/A N/A,#N/A N/A,158.464,34.717,US,98,High Risk,0,0,0,#N/A Field Not Applicable,#N/A N/A,#N/A N/A
MPWR UW,MONOLITHIC POWER,Information Technology,Semiconductors & Semiconductor,37023.81696,49440552.43,0.0007,35745.98296,3.380000114,#N/A N/A,25,2.779,16.114,US,71,Moderate Risk,0,0,0,#N/A Field Not Applicable,#N/A N/A,#N/A N/A
EXC UW,EXELON CORP,Utilities,Electric Utilities,36840.23932,49440552.43,0.0007,81001.23932,4.199999809,#N/A N/A,44.44440079,400.562,299.483,US,82,High Risk,0,0,0,3.2,#N/A N/A,Y
SYY UN,SYSCO CORP,Consumer Staples,Consumer Staples Distribution,36098.75034,49440552.43,0.0007,48653.40634,3.769999981,#N/A N/A,27.27269936,1102.787,22.2,US,81,High Risk,0,0,0,3.2,Y,#N/A N/A
GEHC UW,GE HEALTHCARE TE,Health Care,Health Care Equipment & Suppli,36024.24692,49440552.43,0.0007,42907.24692,6.25,#N/A N/A,40,126.764,17.327,US,#N/A N/A,#N/A N/A,0,0,0,#N/A Field Not Applicable,Y,Y
VRSK UW,VERISK ANALYTI,Industrials,Professional Services,35509.01298,49440552.43,0.0007,38262.71298,3.950000048,Y,40,2.267,3.662,US,#N/A N/A,#N/A N/A,0,0,0,3.2,#N/A N/A,Y
EA UW,ELECTRONIC ARTS,Communication Services,Entertainment,35391.07661,49440552.43,0.0007,34325.07661,3.390000105,#N/A N/A,#N/A N/A,1.923,2.634,US,77,Moderate Risk,0,0,0,#N/A Field Not Applicable,#N/A N/A,#N/A N/A
MLM UN,MARTIN MAR MTLS,Materials,Construction Materials,35290.24158,49440552.43,0.0007,37387.24158,3.289999962,#N/A N/A,40,4543.328,782.641,US,84,High Risk,0,0,0,3.2,Y,Y
NDAQ UW,NASDAQ INC,Financials,Capital Markets,35116.59969,49440552.43,0.0007,44967.59969,5.840000153,#N/A N/A,36.36360168,0.093,5.215,US,#N/A N/A,#N/A N/A,0,0,0,3.2,#N/A N/A,#N/A N/A
FANG UW,DIAMONDBACK ENER,Energy,"Oil, Gas & Consumable Fuels",35140.84915,49440552.43,0.0007,41942.84915,5.289999962,#N/A N/A,33.33330154,1545.613,273.778,US,#N/A N/A,#N/A N/A,100,100,0,0,#N/A N/A,#N/A N/A
HWM UN,HOWMET AEROSPACE,Industrials,Aerospace & Defense,34683.34851,49440552.43,0.0007,38044.34851,5.730000019,#N/A N/A,30,415.998,138.428,US,85,High Risk,0,0,0,1.66,#N/A N/A,Y
CSGP UW,COSTAR GROUP INC,Real Estate,Real Estate Management & Devel,34321.1725,49440552.43,0.0007,30479.4725,2.839999914,#N/A N/A,33.33330154,1.925,4.653,US,80,Moderate Risk,0,0,0,#N/A Field Not Applicable,#N/A N/A,#N/A N/A
XYL UN,XYLEM INC,Industrials,Machinery,34325.6835,49440552.43,0.0007,35864.6835,5.940000057,#N/A N/A,33.33330154,37.63,12.627,US,80,High Risk,0,0,0,3.2,#N/A N/A,#N/A N/A
DD UN,DUPONT DE NEMOUR,Materials,Chemicals,34255.29267,49440552.43,0.0007,40573.29267,5.590000153,Y,33.33330154,1364.115,116.804,US,80,High Risk,0,0,0,3.2,Y,Y
FICO UN,FAIR ISAAC CORP,Information Technology,Software,34174.23882,49440552.43,0.0007,36061.37482,1.970000029,N,33.33330154,19.593,22.793,US,69,Moderate Risk,0,0,0,#N/A Field Not Applicable,N,N
VMC UN,VULCAN MATERIALS,Materials,Construction Materials,33921.38294,49440552.43,0.0007,37566.68294,#N/A Field Not Applicable,#N/A N/A,33.33330154,799.631,154.498,US,88,High Risk,0,0,0,3.2,#N/A N/A,#N/A N/A
IT UN,GARTNER INC,Information Technology,IT Services,33714.13595,49440552.43,0.0007,35524.95195,3.640000105,#N/A N/A,33.33330154,1.827,1.756,US,90,High Risk,0,0,0,3.2,#N/A N/A,#N/A N/A
LVS UN,LAS VEGAS SANDS,Consumer Discretionary,"Hotels, Restaurants & Leisure",33556.92364,49440552.43,0.0007,42629.92364,7.079999924,#N/A N/A,25,55.425,45.012,US,#N/A N/A,#N/A N/A,0,0,0,2.04,#N/A N/A,#N/A N/A
CTSH UW,COGNIZANT TECH-A,Information Technology,IT Services,33421.70791,49440552.43,0.0007,32455.70791,4.340000153,#N/A N/A,30.76919937,10.241,6.595,US,#N/A N/A,#N/A N/A,0,0,0,0,#N/A N/A,#N/A N/A
DAL UN,DELTA AIR LI,Industrials,Passenger Airlines,32962.55142,49440552.43,0.0007,54805.55142,5.179999828,#N/A N/A,16.66670036,31513.438,672.133,US,84,High Risk,0,0,0,3.2,Y,Y
HPQ UN,HP INC,Information Technology,"Technology Hardware, Storage &",32602.99628,49440552.43,0.0007,41119.99628,3.940000057,#N/A N/A,42.85710144,47.882,4.799,US,75,Moderate Risk,0,0,0,1.19,#N/A N/A,#N/A N/A
HAL UN,HALLIBURTON CO,Energy,Energy Equipment & Services,32641.05716,49440552.43,0.0007,39583.05716,5.480000019,N,23.07690048,4476.528,201.379,US,72,Moderate Risk,100,100,0,3.2,#N/A N/A,#N/A N/A
ED UN,CONS EDISON INC,Utilities,Multi-Utilities,32529.7433,49440552.43,0.0007,57384.7433,4.510000229,#N/A N/A,36.36360168,2643.686,294.854,US,94,High Risk,19.2908,0,0,#N/A Field Not Applicable,#N/A N/A,Y
BKR UW,BAKER HUGHES CO,Energy,Energy Equipment & Services,32454.88306,49440552.43,0.0007,35902.88306,5.150000095,Y,20,432.497,24.357,US,49,Low Risk,100,100,0,3.2,Y,Y
LYB UN,LYONDELLBASELL-A,Materials,Chemicals,32321.26553,49440552.43,0.0007,42709.26553,6.449999809,#N/A N/A,36.36360168,14495.893,589.259,US,89,High Risk,20.7033,20.7033,0,3.2,#N/A N/A,Y
ON UW,ON SEMICONDUCTOR,Information Technology,Semiconductors & Semiconductor,32164.13602,49440552.43,0.0007,33219.03602,6.050000191,#N/A N/A,30,698.711,189.808,US,74,Moderate Risk,0,0,0,3.2,#N/A N/A,#N/A N/A
BIIB UW,BIOGEN INC,Health Care,Biotechnology,31610.54187,49440552.43,0.0006,37482.74187,5.849999905,Y,25,65.042,6.334,US,90,High Risk,0,0,0,3.2,#N/A N/A,#N/A N/A
DG UN,DOLLAR GENERAL C,Consumer Staples,Consumer Staples Distribution,31362.47379,49440552.43,0.0006,48915.95679,2.779999971,#N/A N/A,33.33330154,733.79,55.615,US,81,High Risk,0,0,0,#N/A Field Not Applicable,#N/A N/A,#N/A N/A
GRMN UN,GARMIN LTD,Consumer Discretionary,Household Durables,31233.75772,49440552.43,0.0006,28009.29772,3.039999962,#N/A N/A,33.33330154,46.705,32.174,US,83,High Risk,0,0,0,#N/A Field Not Applicable,#N/A N/A,#N/A N/A
MTD UN,METTLER-TOLEDO,Health Care,Life Sciences Tools & Services,31199.91396,49440552.43,0.0006,33216.46996,5.289999962,#N/A N/A,33.33330154,27.179,7.956,US,81,High Risk,0,0,0,3.2,Y,Y
GLW UN,CORNING INC,Information Technology,"Electronic Equipment, Instrume",30829.7258,49440552.43,0.0006,37165.7258,2.710000038,#N/A N/A,21.42860031,728.4,328.269,US,86,High Risk,0,0,0,1.66,Y,#N/A N/A
DVN UN,DEVON ENERGY CO,Energy,"Oil, Gas & Consumable Fuels",30803.68,49440552.43,0.0006,36276.68,4.619999886,#N/A N/A,36.36360168,4618.283,358.811,US,65,Moderate Risk,100,87.4689,0,3.2,#N/A N/A,#N/A N/A
PPG UN,PPG INDS INC,Materials,Chemicals,30676.97177,49440552.43,0.0006,36669.97177,4.909999847,#N/A N/A,27.27269936,381.646,52.102,US,83,High Risk,0,0,0,3.02,Y,#N/A N/A
RMD UN,RESMED INC,Health Care,Health Care Equipment & Suppli,30647.78152,49440552.43,0.0006,31577.31652,4.53000021,#N/A N/A,30,4.222,7.032,US,78,Moderate Risk,0,0,0,#N/A Field Not Applicable,#N/A N/A,#N/A N/A
DFS UN,DISCOVER FINANCI,Financials,Consumer Finance,30568.07053,49440552.43,0.0006,38095.07053,4.019999981,#N/A N/A,38.46149826,6.168,2.614,US,87,High Risk,0,0,0,#N/A Field Not Applicable,#N/A N/A,#N/A N/A
CDW UW,CDW CORP/DE,Information Technology,"Electronic Equipment, Instrume",30547.24869,49440552.43,0.0006,35543.24869,4.480000019,#N/A N/A,45.45449829,3.38,1.441,US,#N/A N/A,#N/A N/A,0,0,0,#N/A Field Not Applicable,Y,Y
EXR UN,EXTRA SPACE STOR,Real Estate,Specialized REITs,30310.58622,49440552.43,0.0006,42641.93522,4.809999943,#N/A N/A,30,20.984,43.401,US,#N/A N/A,#N/A N/A,0,0,0,3.2,#N/A N/A,#N/A N/A
TSCO UW,TRACTOR SUPPLY,Consumer Discretionary,Specialty Retail,30286.09616,49440552.43,0.0006,35106.43316,6.210000038,#N/A N/A,44.44440079,71.369,19.463,US,79,Moderate Risk,0,0,0,1.72,#N/A N/A,#N/A N/A
FSLR UW,FIRST SOLAR INC,Information Technology,Semiconductors & Semiconductor,30225.28577,49440552.43,0.0006,28916.71377,6.21999979,#N/A N/A,25,6.154,160.354,US,81,High Risk,0,0,0,1.68,#N/A N/A,#N/A N/A
ADM UN,ARCHER-DANIELS,Consumer Staples,Food Products,30155.76075,49440552.43,0.0006,40933.76075,5.829999924,Y,36.36360168,13895.594,168.419,US,68,Moderate Risk,0,0,0,3.2,#N/A N/A,#N/A N/A
XEL UW,XCEL ENERGY INC,Utilities,Electric Utilities,30054.53726,49440552.43,0.0006,58172.53726,5.420000076,#N/A N/A,30.76919937,36545.288,2838.508,US,59,Moderate Risk,0,0,0,#N/A Field Not Applicable,#N/A N/A,Y
HIG UN,HARTFORD FINL SV,Financials,Insurance,29868.33502,49440552.43,0.0006,34254.33502,2.890000105,#N/A N/A,30,8.68,1.117,US,#N/A N/A,#N/A N/A,0,0,0,2.12,#N/A N/A,#N/A N/A
WAB UN,WABTEC CORP,Industrials,Machinery,29798.4721,49440552.43,0.0006,33492.4721,4.170000076,#N/A N/A,33.33330154,125.348,28.906,US,82,High Risk,0,0,0,3.2,#N/A N/A,#N/A N/A
VICI UN,VICI PROPERTIES,Real Estate,Specialized REITs,29776.34655,49440552.43,0.0006,46421.51955,3.680000067,N,42.85710144,1.044,1.719,US,#N/A N/A,#N/A N/A,0,0,0,#N/A Field Not Applicable,#N/A N/A,#N/A N/A
ROK UN,ROCKWELL AUTOMAT,Industrials,Electrical Equipment,29663.6264,49440552.43,0.0006,33467.1264,6.190000057,Y,27.27269936,29.09,12.95,US,79,Moderate Risk,0,0,0,3.2,#N/A N/A,Y
EFX UN,EQUIFAX INC,Industrials,Professional Services,29353.97779,49440552.43,0.0006,34928.97779,2.75,#N/A N/A,33.33330154,1.215,5.212,US,#N/A N/A,#N/A N/A,0,0,0,3.2,Y,Y
EIX UN,EDISON INTL,Utilities,Electric Utilities,28725.26192,49440552.43,0.0006,68483.26192,6.510000229,#N/A N/A,45.45449829,1470.723,140.832,US,98,High Risk,0,0,0,#N/A Field Not Applicable,#N/A N/A,#N/A N/A
ANSS UW,ANSYS INC,Information Technology,Software,28679.35326,49440552.43,0.0006,28480.53426,3.980000019,#N/A N/A,30,1.677,8.636,US,76,Moderate Risk,0,0,0,2.18,#N/A N/A,#N/A N/A
AVB UN,AVALONBAY COMMUN,Real Estate,Residential REITs,27630.98459,49440552.43,0.0006,35478.76259,5.400000095,#N/A N/A,25,16.948,21.078,US,#N/A N/A,#N/A N/A,0,0,0,3.2,#N/A N/A,#N/A N/A
EBAY UW,EBAY INC,Consumer Discretionary,Broadline Retail,27192.44,49440552.43,0.0006,31527.44,6.840000153,#N/A N/A,44.44440079,6.491,2.825,US,#N/A N/A,#N/A N/A,0,0,0,1.39,#N/A N/A,#N/A N/A
DECK UN,DECKERS OUTDOOR,Consumer Discretionary,"Textiles, Apparel & Luxury Goo",27119.40985,49440552.43,0.0005,25884.23785,3.690000057,#N/A N/A,#N/A N/A,0.358,0.214,US,85,High Risk,0,0,0,3.2,#N/A N/A,#N/A N/A
CBRE UN,CBRE GROUP INC-A,Real Estate,Real Estate Management & Devel,26920.77487,49440552.43,0.0005,33094.77487,4.900000095,#N/A N/A,27.27269936,57.957,3.58,US,#N/A N/A,#N/A N/A,0,0,0,2.28,#N/A N/A,#N/A N/A
TTWO UW,TAKE-TWO INTERAC,Communication Services,Entertainment,26821.81291,49440552.43,0.0005,29579.81291,3.150000095,#N/A N/A,#N/A N/A,1.296,0.392,US,92,High Risk,0,0,0,#N/A Field Not Applicable,#N/A N/A,#N/A N/A
FTV UN,FORTIVE CORP,Industrials,Machinery,26328.22363,49440552.43,0.0005,29748.72363,4.5,Y,33.33330154,14.409,9.123,US,76,Moderate Risk,0,0,0,1.83,Y,#N/A N/A
TROW UW,T ROWE PRICE GRP,Financials,Capital Markets,26114.92366,49440552.43,0.0005,24882.62366,6.239999771,#N/A N/A,30.76919937,1.098,2.81,US,#N/A N/A,#N/A N/A,0,0,0,3.2,#N/A N/A,#N/A N/A
GPN UN,GLOBAL PAYMENTS,Financials,Financial Services,26017.61008,49440552.43,0.0005,42861.27108,3.99000001,#N/A N/A,25,1.85,6.147,US,#N/A N/A,#N/A N/A,0,0,0,#N/A Field Not Applicable,#N/A N/A,#N/A N/A
TRGP UN,TARGA RESOURCES,Energy,"Oil, Gas & Consumable Fuels",25725.76608,49440552.43,0.0005,40622.16608,4.630000114,#N/A N/A,27.27269936,8881.952,823.457,US,90,High Risk,100,1.7154,0,#N/A Field Not Applicable,#N/A N/A,#N/A N/A
RJF UN,RAYMOND JAMES,Financials,Capital Markets,25708.53754,49440552.43,0.0005,20779.53754,2.769999981,#N/A N/A,25,0.501,3.263,US,97,High Risk,0,0,0,#N/A Field Not Applicable,#N/A N/A,#N/A N/A
WTW UW,WILLIS TOWERS WA,Financials,Insurance,25633.623,49440552.43,0.0005,30469.623,4.619999886,N,40,9.771,4.381,US,#N/A N/A,#N/A N/A,0,0,0,3.2,#N/A N/A,#N/A N/A
CHD UN,CHURCH & DWIGHT,Consumer Staples,Household Products,25555.09413,49440552.43,0.0005,27412.19413,5.489999771,#N/A N/A,30,89.18,18.301,US,70,Moderate Risk,0,0,0,2.93,#N/A N/A,#N/A N/A
WEC UN,WEC ENERGY GROUP,Utilities,Multi-Utilities,25455.30051,49440552.43,0.0005,44320.30051,5.670000076,#N/A N/A,33.33330154,21445.81,2632.826,US,83,High Risk,0,0,0,3.2,#N/A N/A,Y
FITB UW,FIFTH THIRD BANC,Financials,Banks,25398.57908,49440552.43,0.0005,#N/A N/A,3.410000086,#N/A N/A,31.25,13.538,7.483,US,71,Moderate Risk,0,0,0,3.2,#N/A N/A,#N/A N/A
DOV UN,DOVER CORP,Industrials,Machinery,25445.19412,49440552.43,0.0005,28457.69712,4.789999962,#N/A N/A,30,56.232,19.076,US,83,High Risk,21.1784,21.1784,0,3.2,#N/A N/A,#N/A N/A
BRO UN,BROWN & BROWN,Financials,Insurance,25079.11512,49440552.43,0.0005,28604.11512,3.809999943,#N/A N/A,14.28569984,65.617,21.722,US,82,High Risk,0,0,0,#N/A Field Not Applicable,#N/A N/A,#N/A N/A
VLTO UN,VERALTO CORP,Industrials,Commercial Services & Supplies,25062.35225,49440552.43,0.0005,26859.35225,#N/A Field Not Applicable,#N/A N/A,#N/A N/A,28.288,10.863,US,#N/A N/A,#N/A N/A,0,0,0,#N/A Field Not Applicable,#N/A N/A,#N/A N/A
KEYS UN,KEYSIGHT TEC,Information Technology,"Electronic Equipment, Instrume",25029.56218,49440552.43,0.0005,25411.56218,5.420000076,Y,27.27269936,13.347,19.772,US,77,Moderate Risk,0,0,0,3.2,Y,Y
MTB UN,M&T BANK CORP,Financials,Banks,24969.7641,49440552.43,0.0005,#N/A N/A,2.930000067,#N/A N/A,23.52939987,20.017,4.629,US,79,Moderate Risk,0,0,0,#N/A Field Not Applicable,#N/A N/A,Y
DLTR UW,DOLLAR TREE INC,Consumer Staples,Consumer Staples Distribution,24834.80524,49440552.43,0.0005,34536.80524,3.069999933,#N/A N/A,45.45449829,461.265,53.924,US,79,Moderate Risk,0,0,0,3.2,#N/A N/A,#N/A N/A
AWK UN,AMERICAN WATER W,Utilities,Water Utilities,24859.35955,49440552.43,0.0005,37445.35955,4.320000172,#N/A N/A,60,74.257,136.582,US,#N/A N/A,#N/A N/A,0,0,0,2.1,#N/A N/A,#N/A N/A
EQR UN,EQUITY RESIDENTI,Real Estate,Residential REITs,24756.13393,49440552.43,0.0005,32753.26493,4.659999847,#N/A N/A,33.33330154,78.471,47.742,US,#N/A N/A,#N/A N/A,0,0,0,3.2,#N/A N/A,#N/A N/A
WDC UW,WESTERN DIGITAL,Information Technology,"Technology Hardware, Storage &",24649.34719,49440552.43,0.0005,31828.34719,4.489999771,#N/A N/A,33.33330154,44.463,79.632,US,67,Moderate Risk,0,0,0,3.2,Y,Y
IFF UN,INTL FLVR & FRAG,Materials,Chemicals,24424.27953,49440552.43,0.0005,34767.27953,4.489999771,#N/A N/A,27.27269936,604.594,133.923,US,82,High Risk,0,0,0,1.94,#N/A N/A,#N/A N/A
NTAP UW,NETAPP INC,Information Technology,"Technology Hardware, Storage &",24247.1939,49440552.43,0.0005,23986.1939,4.71999979,N,33.33330154,3.026,9.497,US,76,Moderate Risk,0,0,0,3.2,Y,#N/A N/A
HPE UN,HEWLETT PACKA,Information Technology,"Technology Hardware, Storage &",24251.5,49440552.43,0.0005,33342.5,4.650000095,#N/A N/A,46.15380096,33.541,10.843,US,78,Moderate Risk,0,0,0,1.46,#N/A N/A,#N/A N/A
ZBH UN,ZIMMER BIOMET HO,Health Care,Health Care Equipment & Suppli,24096.96726,49440552.43,0.0005,29508.26726,5.170000076,#N/A N/A,30,10.06,16.033,US,78,Moderate Risk,0,0,0,3.2,#N/A N/A,#N/A N/A
WST UN,WEST PHARMACEUT,Health Care,Life Sciences Tools & Services,23959.5712,49440552.43,0.0005,23664.3712,3.049999952,#N/A N/A,27.27269936,30.976,46.094,US,83,High Risk,0,0,0,3.2,#N/A N/A,#N/A N/A
PHM UN,PULTEGROUP INC,Consumer Discretionary,Household Durables,23894.86404,49440552.43,0.0005,24687.60604,3.430000067,#N/A N/A,20,6.781,8.605,US,#N/A N/A,#N/A N/A,0,0,0,#N/A Field Not Applicable,#N/A N/A,#N/A N/A
DTE UN,DTE ENERGY CO,Utilities,Multi-Utilities,23519.09959,49440552.43,0.0005,45068.09959,4.630000114,#N/A N/A,25,27611.094,2359.028,US,60,Moderate Risk,48.972,35.5124,0,3.2,#N/A N/A,Y
IRM UN,IRON MOUNTAIN,Real Estate,Specialized REITs,23523.94901,49440552.43,0.0005,39045.87701,4.789999962,Y,36.36360168,139.152,35.287,US,94,High Risk,0,0,0,2.1,Y,Y
BR UN,BROADRIDGE FINL,Industrials,Professional Services,23311.09909,49440552.43,0.0005,26801.69909,4.039999962,#N/A N/A,25,12.996,8.732,US,88,High Risk,0,0,0,2.04,#N/A N/A,Y
NVR UN,NVR INC,Consumer Discretionary,Household Durables,23202.08196,49440552.43,0.0005,21341.56796,1.580000043,N,30,49.113,11.824,US,#N/A N/A,#N/A N/A,0,0,0,#N/A Field Not Applicable,N,N
ETR UN,ENTERGY CORP,Utilities,Electric Utilities,23206.28094,49440552.43,0.0005,50646.87294,5.579999924,#N/A N/A,33.33330154,35959.437,3205.005,US,93,High Risk,1.4858,0,0,3.2,#N/A N/A,#N/A N/A
CAH UN,CARDINAL HEALTH,Health Care,Health Care Providers & Servic,23133.9891,49440552.43,0.0005,25272.9891,3.839999914,#N/A N/A,53.84619904,132.849,1.958,US,71,Moderate Risk,0,0,0,3.2,Y,#N/A N/A
TER UW,TERADYNE INC,Information Technology,Semiconductors & Semiconductor,22754.86836,49440552.43,0.0005,21967.21436,4.909999847,#N/A N/A,25,3.881,14.886,US,66,Moderate Risk,0,0,0,3.2,#N/A N/A,#N/A N/A
APTV UN,APTIV PLC,Consumer Discretionary,Automobile Components,22564.85388,49440552.43,0.0005,28692.85388,4.909999847,#N/A N/A,30,23.578,23.528,US,83,High Risk,0,0,0,3.2,#N/A N/A,#N/A N/A
STT UN,STATE ST CORP,Financials,Capital Markets,22476.92444,49440552.43,0.0005,#N/A N/A,4.75,Y,33.33330154,7.997,0.456,US,42,Low Risk,0,0,0,3.2,Y,Y
FE UN,FIRSTENERGY CORP,Utilities,Electric Utilities,22479.6734,49440552.43,0.0005,47295.6734,5.21999979,#N/A N/A,30,18044.595,1614.998,US,87,High Risk,0,0,0,3.2,#N/A N/A,#N/A N/A
ROL UN,ROLLINS INC,Industrials,Commercial Services & Supplies,22463.44807,49440552.43,0.0005,23205.39407,1.99000001,#N/A N/A,27.27269936,43.381,20.814,US,93,High Risk,0,0,0,#N/A Field Not Applicable,#N/A N/A,#N/A N/A
STE UN,STERIS PLC,Health Care,Health Care Equipment & Suppli,22377.42637,49440552.43,0.0005,25290.56837,4.329999924,#N/A N/A,22.22220039,63.838,38.783,US,86,High Risk,0,0,0,#N/A Field Not Applicable,#N/A N/A,#N/A N/A
LYV UN,LIVE NATION ENTE,Communication Services,Entertainment,22264.77504,49440552.43,0.0005,25351.85704,1.549999952,N,18.18180084,197.555,66.158,US,97,High Risk,0,0,0,#N/A Field Not Applicable,N,N
HUBB UN,HUBBELL INC,Industrials,Electrical Equipment,21864.15914,49440552.43,0.0004,23740.15914,5.889999866,#N/A N/A,33.33330154,34.904,26.019,US,79,Moderate Risk,0,0,0,3.2,#N/A N/A,#N/A N/A
WY UN,WEYERHAEUSER CO,Real Estate,Specialized REITs,21815.53718,49440552.43,0.0004,26015.53718,5.880000114,#N/A N/A,40,359,113.554,US,77,Moderate Risk,0,0,0,3.2,#N/A N/A,#N/A N/A
AXON UW,AXON ENTERPRISE,Industrials,Aerospace & Defense,21538.34459,49440552.43,0.0004,21185.00959,3.529999971,#N/A N/A,36.36360168,18.99,29.151,US,87,High Risk,0,0,0,#N/A Field Not Applicable,#N/A N/A,#N/A N/A
PTC UW,PTC INC,Information Technology,Software,21454.57906,49440552.43,0.0004,23395.13806,5.400000095,#N/A N/A,30,1.815,4.188,US,#N/A N/A,#N/A N/A,0,0,0,#N/A Field Not Applicable,#N/A N/A,#N/A N/A
BF/B UN,BROWN-FORMAN -B,Consumer Staples,Beverages,21282.1435,49440552.43,0.0004,24099.1435,5.150000095,#N/A N/A,33.33330154,121.347,43.365,US,87,High Risk,0,0,0,3.2,#N/A N/A,#N/A N/A
STLD UW,STEEL DYNAMICS,Materials,Metals & Mining,21192.55414,49440552.43,0.0004,22513.17114,6.429999828,#N/A N/A,27.27269936,2296.288,291.412,US,77,Moderate Risk,0,0,0,3.2,#N/A N/A,#N/A N/A
BALL UN,BALL CORP,Materials,Containers & Packaging,21084.05417,49440552.43,0.0004,25597.05417,3.75999999,Y,45.45449829,443.278,51.251,US,79,Moderate Risk,0,0,0,3.2,#N/A N/A,#N/A N/A
PPL UN,PPL CORP,Utilities,Electric Utilities,21089.12877,49440552.43,0.0004,36858.12877,5.429999828,N,40,26691.273,3266.352,US,69,Moderate Risk,0,0,0,3.2,N,Y
INVH UN,INVITATION HOMES,Real Estate,Residential REITs,20997.72205,49440552.43,0.0004,28849.46605,3.640000105,#N/A N/A,30,74.303,71.956,US,#N/A N/A,#N/A N/A,0,0,0,#N/A Field Not Applicable,#N/A N/A,#N/A N/A
TSN UN,TYSON FOODS-A,Consumer Staples,Food Products,20667.24463,49440552.43,0.0004,29579.24463,4.25,#N/A N/A,35.71429825,3883.601,124.514,US,77,Moderate Risk,0,0,0,3.2,Y,Y
ARE UN,ALEXANDRIA REAL,Real Estate,Office REITs,20578.49885,49440552.43,0.0004,36798.38685,4.96999979,#N/A N/A,37.5,87.552,137.332,US,#N/A N/A,#N/A N/A,0,0,0,1.94,#N/A N/A,#N/A N/A
K UN,KELLANOVA,Consumer Staples,Food Products,20574.55776,49440552.43,0.0004,27051.55776,4.599999905,#N/A N/A,45.45449829,478.129,78.671,US,77,Moderate Risk,0,0,0,3.2,#N/A N/A,#N/A N/A
CTRA UN,COTERRA ENERGY I,Energy,"Oil, Gas & Consumable Fuels",20496.17475,49440552.43,0.0004,21953.17475,4.96999979,N,40,1657.181,333.05,US,93,High Risk,100,100,0,#N/A Field Not Applicable,#N/A N/A,#N/A N/A
SBAC UW,SBA COMM CORP,Real Estate,Specialized REITs,20441.03341,49440552.43,0.0004,34669.84541,4.380000114,#N/A N/A,33.33330154,12.096,12.803,US,#N/A N/A,#N/A N/A,0,0,0,#N/A Field Not Applicable,#N/A N/A,#N/A N/A
TYL UN,TYLER TECHNOLOG,Information Technology,Software,20371.73532,49440552.43,0.0004,20820.20732,5,N,25,1.053,5.694,US,#N/A N/A,#N/A N/A,0,0,0,#N/A Field Not Applicable,#N/A N/A,#N/A N/A
BLDR UN,BUILDERS FIRSTSO,Industrials,Building Products,20124.78602,49440552.43,0.0004,23673.44602,3.680000067,#N/A N/A,10,183.161,16.992,US,75,Moderate Risk,0,0,0,#N/A Field Not Applicable,#N/A N/A,#N/A N/A
STX UW,SEAGATE TECHNOLO,Information Technology,"Technology Hardware, Storage &",20221.89659,49440552.43,0.0004,25097.89659,4.139999866,Y,25,231.565,123.763,US,81,High Risk,0,0,0,2.04,Y,#N/A N/A
WRB UN,WR BERKLEY CORP,Financials,Insurance,20199.87651,49440552.43,0.0004,22114.88351,1.580000043,#N/A N/A,22.22220039,8.706,2.253,US,#N/A N/A,#N/A N/A,0,0,0,#N/A Field Not Applicable,#N/A N/A,#N/A N/A
ES UN,EVERSOURCE ENERG,Utilities,Electric Utilities,20201.87013,49440552.43,0.0004,47996.28313,4.650000095,#N/A N/A,33.33330154,181.345,60.821,US,89,High Risk,0,0,0,3.2,#N/A N/A,#N/A N/A
LDOS UN,LEIDOS HOLDINGS,Industrials,Professional Services,20061.33545,49440552.43,0.0004,24614.33545,3.710000038,#N/A N/A,25,31.05,7.177,US,84,High Risk,0,0,0,3.2,#N/A N/A,#N/A N/A
GPC UN,GENUINE PARTS CO,Consumer Discretionary,Distributors,19976.81954,49440552.43,0.0004,23887.15754,5.630000114,#N/A N/A,28.57139969,134.241,13.046,US,73,Moderate Risk,0,0,0,#N/A Field Not Applicable,#N/A N/A,#N/A N/A
HBAN UW,HUNTINGTON BANC,Financials,Banks,19941.73706,49440552.43,0.0004,#N/A N/A,3.769999981,#N/A N/A,26.66670036,18.536,8.093,US,65,Moderate Risk,0,0,0,1.91,#N/A N/A,#N/A N/A
WAT UN,WATERS CORP,Health Care,Life Sciences Tools & Services,19780.15363,49440552.43,0.0004,21580.50763,4.78000021,#N/A N/A,22.22220039,14.253,12.264,US,76,Moderate Risk,0,0,0,3.2,#N/A N/A,#N/A N/A
CCL UN,CARNIVAL CORP,Consumer Discretionary,"Hotels, Restaurants & Leisure",19603.22835,49440552.43,0.0004,49376.22835,5.769999981,N,36.36360168,12781.764,482.03,US,#N/A N/A,#N/A N/A,0,0,0,#N/A Field Not Applicable,N,Y
MOH UN,MOLINA HEALTHCAR,Health Care,Health Care Providers & Servic,19305.39,49440552.43,0.0004,12750.39,3,#N/A N/A,22.22220039,264.783,14.696,US,63,Moderate Risk,0,0,0,#N/A Field Not Applicable,#N/A N/A,#N/A N/A
WBD UW,WARNER BROS DISC,Communication Services,Entertainment,19271.71488,49440552.43,0.0004,60016.71488,1.590000033,N,23.07690048,549.86,27.521,US,#N/A N/A,#N/A N/A,0,0,0,#N/A Field Not Applicable,#N/A N/A,#N/A N/A
VTR UN,VENTAS INC,Real Estate,Health Care REITs,19251.03993,49440552.43,0.0004,32717.02493,5.690000057,#N/A N/A,36.36360168,135.109,111.703,US,98,High Risk,0,0,0,3.2,#N/A N/A,#N/A N/A
MKC UN,MCCORMICK-N/V,Consumer Staples,Food Products,19219.60312,49440552.43,0.0004,23523.50312,5.139999866,#N/A N/A,33.33330154,36.672,12.774,US,82,High Risk,0,0,0,2.15,#N/A N/A,#N/A N/A
PFG UW,PRINCIPAL FINL,Financials,Insurance,19110.46202,49440552.43,0.0004,19339.96202,2.809999943,Y,41.66669846,3.332,1.561,US,39,Low Risk,0,0,0,3.2,Y,Y
ALGN UW,ALIGN TECHNOLOGY,Health Care,Health Care Equipment & Suppli,19094.44709,49440552.43,0.0004,18318.33809,2.329999924,#N/A N/A,40,34.125,25.845,US,76,Moderate Risk,0,0,0,#N/A Field Not Applicable,#N/A N/A,#N/A N/A
CNP UN,CENTERPOINT ENER,Utilities,Multi-Utilities,19082.97119,49440552.43,0.0004,37292.97119,5.210000038,#N/A N/A,18.18180084,6515.57,815.078,US,91,High Risk,49.172,0,0,#N/A Field Not Applicable,#N/A N/A,Y
AEE UN,AMEREN CORP,Utilities,Multi-Utilities,19042.17865,49440552.43,0.0004,36270.17865,5.260000229,#N/A N/A,30.76919937,25191.917,3642.445,US,72,Moderate Risk,11.96,0,0,3.2,#N/A N/A,Y
HRL UN,HORMEL FOODS CRP,Consumer Staples,Food Products,19015.71271,49440552.43,0.0004,21349.45071,4.860000134,#N/A N/A,30.76919937,559.127,85.388,US,67,Moderate Risk,0,0,0,3.2,#N/A N/A,#N/A N/A
CBOE UF,CBOE GLOBAL MARK,Financials,Capital Markets,18944.57058,49440552.43,0.0004,19954.37058,7.75,#N/A N/A,27.27269936,0.028,6.378,US,#N/A N/A,#N/A N/A,0,0,0,#N/A Field Not Applicable,#N/A N/A,#N/A N/A
TDY UN,TELEDYNE TECH,Information Technology,"Electronic Equipment, Instrume",18897.38804,49440552.43,0.0004,21236.48804,2.190000057,#N/A N/A,27.27269936,64.904,23.489,US,88,High Risk,0,0,0,#N/A Field Not Applicable,#N/A N/A,#N/A N/A
CPAY UN,CORPAY INC,Financials,Financial Services,18674.55815,49440552.43,0.0004,24154.51215,2.029999971,#N/A N/A,18.18180084,36.454,16.041,US,64,Moderate Risk,0,0,0,#N/A Field Not Applicable,#N/A N/A,#N/A N/A
OMC UN,OMNICOM GROUP,Communication Services,Media,18418.15676,49440552.43,0.0004,23328.15676,5.309999943,#N/A N/A,60,31.953,5.706,US,80,Moderate Risk,0,0,0,3.2,#N/A N/A,#N/A N/A
CMS UN,CMS ENERGY CORP,Utilities,Multi-Utilities,18369.06518,49440552.43,0.0004,34098.06518,5.409999847,#N/A N/A,33.33330154,16691.936,2890.416,US,76,Moderate Risk,0,0,0,3.2,#N/A N/A,Y
EQT UN,EQT CORP,Energy,"Oil, Gas & Consumable Fuels",18303.9884,49440552.43,0.0004,23167.8734,7.019999981,#N/A N/A,54.54550171,978.457,188.297,US,96,High Risk,100,100,0,1.03,#N/A N/A,#N/A N/A
ULTA UW,ULTA BEAUTY INC,Consumer Discretionary,Specialty Retail,18288.64971,49440552.43,0.0004,19433.14771,6.320000172,#N/A N/A,54.54550171,11.364,9.576,US,78,Moderate Risk,0,0,0,3.2,#N/A N/A,#N/A N/A
CINF UW,CINCINNATI FIN,Financials,Insurance,18254.71072,49440552.43,0.0004,18508.71072,1.929999948,#N/A N/A,33.33330154,16.612,3.041,US,#N/A N/A,#N/A N/A,0,0,0,#N/A Field Not Applicable,#N/A N/A,#N/A N/A
COO UW,COOPER COS INC,Health Care,Health Care Equipment & Suppli,18162.34923,49440552.43,0.0004,20799.64923,6.739999771,#N/A N/A,50,53.817,31.632,US,83,High Risk,0,0,0,#N/A Field Not Applicable,#N/A N/A,#N/A N/A
AVY UN,AVERY DENNISON,Materials,Containers & Packaging,18195.39047,49440552.43,0.0004,21250.09047,4.949999809,#N/A N/A,20,183.322,62.142,US,81,High Risk,0,0,0,3.2,#N/A N/A,#N/A N/A
NRG UN,NRG ENERGY,Utilities,Electric Utilities,17937.24467,49440552.43,0.0004,28537.24567,4.78000021,#N/A N/A,41.66669846,33579.633,1265.754,US,82,High Risk,0,0,0,1.34,Y,Y
DRI UN,DARDEN RESTAURAN,Consumer Discretionary,"Hotels, Restaurants & Leisure",17779.70875,49440552.43,0.0004,24342.80875,3.529999971,#N/A N/A,30,348.214,75.221,US,79,Moderate Risk,0,0,0,#N/A Field Not Applicable,#N/A N/A,#N/A N/A
DPZ UN,DOMINO'S PIZZA,Consumer Discretionary,"Hotels, Restaurants & Leisure",17673.10835,49440552.43,0.0004,22672.52535,3.849999905,#N/A N/A,33.33330154,125.172,42.605,US,77,Moderate Risk,0,0,0,#N/A Field Not Applicable,Y,Y
ENPH UQ,ENPHASE ENERGY,Information Technology,Semiconductors & Semiconductor,17614.68193,49440552.43,0.0004,17308.96781,5.28000021,#N/A N/A,14.28569984,0.02,7.33,US,87,High Risk,0,0,0,#N/A Field Not Applicable,Y,Y
RF UN,REGIONS FINANCIA,Financials,Banks,17519.7724,49440552.43,0.0004,#N/A N/A,3.599999905,#N/A N/A,38.46149826,6.456,8.635,US,85,High Risk,0,0,0,3.2,#N/A N/A,#N/A N/A
SYF UN,SYNCHRONY FINANC,Financials,Consumer Finance,17447.07311,49440552.43,0.0004,14809.07311,4.329999924,#N/A N/A,30,0.272,0.913,US,64,Moderate Risk,0,0,0,#N/A Field Not Applicable,#N/A N/A,#N/A N/A
J UN,JACOBS SOLUTIONS,Industrials,Professional Services,17360.75902,49440552.43,0.0004,20760.91602,5.300000191,Y,30.76919937,13.365,1.275,US,98,High Risk,0,0,0,3.2,Y,Y
BAX UN,BAXTER INTL INC,Health Care,Health Care Equipment & Suppli,17279.86424,49440552.43,0.0003,28485.86424,4.840000153,#N/A N/A,36.36360168,336.255,54.28,US,85,High Risk,0,0,0,3.2,#N/A N/A,#N/A N/A
VRSN UW,VERISIGN INC,Information Technology,IT Services,17157.73265,49440552.43,0.0003,18023.73265,2.869999886,#N/A N/A,25,21.507,27.583,US,#N/A N/A,#N/A N/A,0,0,0,#N/A Field Not Applicable,#N/A N/A,#N/A N/A
HOLX UW,HOLOGIC INC,Health Care,Health Care Equipment & Suppli,17176.54337,49440552.43,0.0003,17562.7096,4.460000038,#N/A N/A,50,6.834,5.093,US,88,High Risk,0,0,0,3.2,Y,#N/A N/A
ATO UN,ATMOS ENERGY,Utilities,Gas Utilities,16996.30036,49440552.43,0.0003,24317.90936,2.50999999,#N/A N/A,27.27269936,1355.196,367.428,US,90,High Risk,100,0,0,#N/A Field Not Applicable,#N/A N/A,#N/A N/A
EG UN,EVEREST GROUP LT,Financials,Insurance,16971.31384,49440552.43,0.0003,18813.31384,3.359999895,#N/A N/A,#N/A N/A,0.195,0.123,US,#N/A N/A,#N/A N/A,0,0,0,#N/A Field Not Applicable,#N/A N/A,#N/A N/A
UAL UW,UNITED AIRLINES,Industrials,Passenger Airlines,16893.90256,49440552.43,0.0003,35187.90256,4.179999828,#N/A N/A,25,31763.115,642.819,US,#N/A N/A,#N/A N/A,0,0,0,3.2,Y,Y
NTRS UW,NORTHERN TRUST,Financials,Capital Markets,16856.31214,49440552.43,0.0003,#N/A N/A,3.829999924,N,25,7.8,3.699,US,89,High Risk,0,0,0,3.2,#N/A N/A,#N/A N/A
TXT UN,TEXTRON INC,Industrials,Aerospace & Defense,16815.8372,49440552.43,0.0003,18680.8372,3.960000038,#N/A N/A,30,279.042,43.503,US,78,Moderate Risk,0,0,0,2.62,#N/A N/A,#N/A N/A
ZBRA UW,ZEBRA TECH CORP,Information Technology,"Electronic Equipment, Instrume",16800.26154,49440552.43,0.0003,18952.26154,3.319999933,#N/A N/A,30,2.09,3.181,US,84,High Risk,0,0,0,3.2,#N/A N/A,#N/A N/A
EXPD UN,EXPEDITORS INTL,Industrials,Air Freight & Logistics,16813.25484,49440552.43,0.0003,16009.93684,4.670000076,#N/A N/A,33.33330154,9.685,6.002,US,82,High Risk,0,0,0,3.2,#N/A N/A,#N/A N/A
CE UN,CELANESE CORP,Materials,Chemicals,16676.77981,49440552.43,0.0003,29492.77981,4.610000134,#N/A N/A,44.44440079,2251.752,349.39,US,84,High Risk,0,0,0,3.2,#N/A N/A,#N/A N/A
LH UN,LABCORP HOLDINGS,Health Care,Health Care Providers & Servic,16646.30566,49440552.43,0.0003,22530.70566,#N/A Field Not Applicable,N,33.33330154,#N/A N/A,#N/A N/A,US,#N/A N/A,#N/A N/A,0,0,0,#N/A Field Not Applicable,Y,#N/A N/A
ESS UN,ESSEX PROPERTY,Real Estate,Residential REITs,16584.48161,49440552.43,0.0003,22928.72861,5.760000229,#N/A N/A,40,32.035,28.089,US,#N/A N/A,#N/A N/A,0,0,0,#N/A Field Not Applicable,#N/A N/A,#N/A N/A
ILMN UW,ILLUMINA INC,Health Care,Life Sciences Tools & Services,16586.316,49440552.43,0.0003,17754.316,6.570000172,#N/A N/A,30,17.315,9.969,US,87,High Risk,0,0,0,3.2,#N/A N/A,#N/A N/A
L UN,LOEWS CORP,Financials,Insurance,16492.55223,49440552.43,0.0003,26853.55223,1.370000005,#N/A N/A,16.66670036,149.77,13.34,US,91,High Risk,10.363,0,0,#N/A Field Not Applicable,#N/A N/A,#N/A N/A
PKG UN,PACKAGING CORP,Materials,Containers & Packaging,16367.47763,49440552.43,0.0003,17997.07763,5.409999847,#N/A N/A,20,1734.944,386.843,US,77,Moderate Risk,0,0,0,3.2,#N/A N/A,#N/A N/A
FDS UN,FACTSET RESEARCH,Financials,Capital Markets,16365.03333,49440552.43,0.0003,17619.01833,5.260000229,#N/A N/A,33.33330154,1.419,5.436,US,#N/A N/A,#N/A N/A,0,0,0,#N/A Field Not Applicable,#N/A N/A,#N/A N/A
JBHT UW,HUNT (JB) TRANS,Industrials,Ground Transportation,16183.28658,49440552.43,0.0003,17485.60758,5.539999962,#N/A N/A,33.33330154,1844.306,158.26,US,80,Moderate Risk,0,0,0,3.2,#N/A N/A,#N/A N/A
IEX UN,IDEX CORP,Industrials,Machinery,16160.95765,49440552.43,0.0003,16867.95765,3.950000048,#N/A N/A,30,12.372,22.064,US,81,High Risk,0,0,0,#N/A Field Not Applicable,#N/A N/A,Y
CLX UN,CLOROX CO,Consumer Staples,Household Products,16028.96943,49440552.43,0.0003,18993.96943,5.960000038,#N/A N/A,50,67.815,13.007,US,84,High Risk,0,0,0,3.2,Y,Y
LUV UN,SOUTHWEST AIR,Industrials,Passenger Airlines,15978.78746,49440552.43,0.0003,14627.78746,6.96999979,#N/A N/A,20,22321.187,857.576,US,#N/A N/A,#N/A N/A,0,0,0,3.2,Y,Y
CFG UN,CITIZENS FINANCI,Financials,Banks,15880.19699,49440552.43,0.0003,#N/A N/A,3.650000095,#N/A N/A,35.71429825,11.625,5.381,US,81,High Risk,0,0,0,3.2,#N/A N/A,#N/A N/A
IP UN,INTL PAPER CO,Materials,Containers & Packaging,15741.10092,49440552.43,0.0003,20569.10092,5.820000172,#N/A N/A,27.27269936,5916.058,515.645,US,80,High Risk,0,0,0,3.2,Y,#N/A N/A
GEN UW,GEN DIGITAL INC,Information Technology,Software,15631.73232,49440552.43,0.0003,23389.73232,4.860000134,#N/A N/A,#N/A N/A,1.166,4.526,US,#N/A N/A,#N/A N/A,0,0,0,#N/A Field Not Applicable,#N/A N/A,#N/A N/A
BBY UN,BEST BUY CO INC,Consumer Discretionary,Specialty Retail,15600.07444,49440552.43,0.0003,18148.07444,6.309999943,#N/A N/A,58.33330154,209.796,12.233,US,76,Moderate Risk,0,0,0,3.2,#N/A N/A,#N/A N/A
DGX UN,QUEST DIAGNOSTIC,Health Care,Health Care Providers & Servic,15471.72351,49440552.43,0.0003,20463.72351,3.950000048,#N/A N/A,40,279.458,44.127,US,#N/A N/A,#N/A N/A,0,0,0,#N/A Field Not Applicable,#N/A N/A,#N/A N/A
NWS UW,NEWS CORP-CL B,Communication Services,Media,15421.84096,49440552.43,0.0003,18399.84096,3.559999943,N,37.5,15.354,15.558,US,45,Low Risk,0,0,0,3.2,Y,Y
NWSA UW,NEWS CORP-CL A,Communication Services,Media,15423.66114,49440552.43,0.0003,18401.66114,3.559999943,N,37.5,15.354,15.558,US,45,Low Risk,0,0,0,3.2,Y,Y
MAA UN,MID-AMERICA APAR,Real Estate,Residential REITs,15385.83044,49440552.43,0.0003,20230.04974,3.799999952,#N/A N/A,30.76919937,6.868,153.733,US,99,High Risk,0,0,0,3.2,#N/A N/A,#N/A N/A
AES UN,AES CORP,Utilities,Independent Power and Renewabl,15254.45958,49440552.43,0.0003,47151.45958,5.670000076,#N/A N/A,45.45449829,43906.953,3768.572,US,76,Moderate Risk,0,0,0,3.2,#N/A N/A,#N/A N/A
FOX UW,FOX CORP - B,Communication Services,Media,15133.08585,49440552.43,0.0003,19852.08585,3.319999933,#N/A N/A,12.5,14.038,5.633,US,#N/A N/A,#N/A N/A,0,0,0,#N/A Field Not Applicable,#N/A N/A,#N/A N/A
FOXA UW,FOX CORP - A,Communication Services,Media,15133.0637,49440552.43,0.0003,19852.0637,3.319999933,#N/A N/A,12.5,14.038,5.633,US,#N/A N/A,#N/A N/A,0,0,0,#N/A Field Not Applicable,#N/A N/A,#N/A N/A
ALB UN,ALBEMARLE CORP,Materials,Chemicals,15108.15665,49440552.43,0.0003,19203.63165,5.579999924,#N/A N/A,30,557.127,95.01,US,88,High Risk,0,0,0,3.2,#N/A N/A,Y
BG UN,BUNGE GLOBAL SA,Consumer Staples,Food Products,15044.48012,49440552.43,0.0003,18851.48012,3.930000067,Y,33.33330154,1812.453,56.772,US,#N/A N/A,#N/A N/A,0,0,0,3.26,Y,N
MAS UN,MASCO CORP,Industrials,Building Products,15025.0716,49440552.43,0.0003,18138.0716,#N/A Field Not Applicable,#N/A N/A,27.27269936,35.062,18.131,US,79,Moderate Risk,0,0,0,#N/A Field Not Applicable,N,N
SWKS UW,SKYWORKS SOLUTIO,Information Technology,Semiconductors & Semiconductor,14892.6536,49440552.43,0.0003,14881.1536,5.349999905,N,33.33330154,35.99,41.545,US,76,Moderate Risk,0,0,0,3.2,#N/A N/A,#N/A N/A
MRO UN,MARATHON OIL,Energy,"Oil, Gas & Consumable Fuels",14777.73015,49440552.43,0.0003,20156.73015,6.150000095,#N/A N/A,37.5,2729.913,484.844,US,73,Moderate Risk,100,100,0,#N/A Field Not Applicable,#N/A N/A,#N/A N/A
EXPE UW,EXPEDIA GROUP IN,Consumer Discretionary,"Hotels, Restaurants & Leisure",14685.88237,49440552.43,0.0003,16776.88237,5.099999905,N,41.66669846,3.338,0.291,US,#N/A N/A,#N/A N/A,0,0,0,3.2,Y,Y
CF UN,CF INDUSTRIES HO,Materials,Chemicals,14437.96392,49440552.43,0.0003,18437.96392,4.940000057,#N/A N/A,33.33330154,17610.112,3018.601,US,61,Moderate Risk,0,0,0,#N/A Field Not Applicable,N,Y
JBL UN,JABIL INC,Information Technology,"Electronic Equipment, Instrume",14390.87772,49440552.43,0.0003,15076.87772,4.829999924,N,20,53.818,17.368,US,78,Moderate Risk,0,0,0,1.69,Y,#N/A N/A
SNA UN,SNAP-ON INC,Industrials,Machinery,14327.84725,49440552.43,0.0003,14509.84725,2.940000057,#N/A N/A,20,40.752,20.96,US,83,High Risk,0,0,0,#N/A Field Not Applicable,#N/A N/A,#N/A N/A
CAG UN,CONAGRA BRANDS I,Consumer Staples,Food Products,14365.78561,49440552.43,0.0003,23035.18561,5.070000172,#N/A N/A,40,410.594,68.194,US,60,Moderate Risk,0,0,0,3.2,Y,#N/A N/A
AMCR UN,AMCOR PLC,Materials,Containers & Packaging,14301.67108,49440552.43,0.0003,21573.67108,6.710000038,N,30,515.951,128.434,US,81,High Risk,0,0,0,2.72,Y,Y
AKAM UW,AKAMAI TECHNOLOG,Information Technology,IT Services,14211.13393,49440552.43,0.0003,16527.38093,4.03000021,#N/A N/A,30,0.063,61.896,US,#N/A N/A,#N/A N/A,0,0,0,3.2,Y,Y
WRK UN,WESTROCK CO,Materials,Containers & Packaging,13818.66581,49440552.43,0.0003,23051.16581,5.949999809,#N/A N/A,33.33330154,6048.502,754.661,US,79,Moderate Risk,0,0,0,3.2,Y,#N/A N/A
TRMB UW,TRIMBLE INC,Information Technology,"Electronic Equipment, Instrume",13761.09888,49440552.43,0.0003,16651.69888,3.730000019,#N/A N/A,22.22220039,5.781,6.62,US,81,High Risk,0,0,0,3.2,#N/A N/A,#N/A N/A
POOL UW,POOL CORP,Consumer Discretionary,Distributors,13775.74682,49440552.43,0.0003,15001.84182,2.660000086,#N/A N/A,22.22220039,0.338,3.92,US,89,High Risk,0,0,0,#N/A Field Not Applicable,#N/A N/A,#N/A N/A
RVTY UN,REVVITY INC,Health Care,Life Sciences Tools & Services,13785.46495,49440552.43,0.0003,16093.69195,4.429999828,#N/A N/A,33.33330154,7.063,15.59,US,85,High Risk,0,0,0,3.2,#N/A N/A,#N/A N/A
KEY UN,KEYCORP,Financials,Banks,13548.90484,49440552.43,0.0003,#N/A N/A,3.460000038,#N/A N/A,30.76919937,13.984,3.563,US,71,Moderate Risk,0,0,0,3.2,#N/A N/A,#N/A N/A
WBA UW,WALGREENS BOOTS,Consumer Staples,Consumer Staples Distribution,13488.52348,49440552.43,0.0003,49327.52348,4.190000057,Y,36.36360168,300.723,10.905,US,80,High Risk,0,0,0,3.2,#N/A N/A,Y
NDSN UW,NORDSON CORP,Industrials,Machinery,13478.20761,49440552.43,0.0003,15005.19961,3.940000057,#N/A N/A,22.22220039,6.444,16.723,US,83,High Risk,0,0,0,3.2,#N/A N/A,#N/A N/A
DOC UN,HEALTHPEAK PROPE,Real Estate,Health Care REITs,13445.74586,49440552.43,0.0003,23124.78286,5.46999979,#N/A N/A,83.33329773,65.115,134.964,US,#N/A N/A,#N/A N/A,0,0,0,3.2,#N/A N/A,#N/A N/A
CPB UN,CAMPBELL SOUP CO,Consumer Staples,Food Products,13289.41395,49440552.43,0.0003,17940.41395,6.670000076,#N/A N/A,30.76919937,482.818,71.209,US,76,Moderate Risk,0,0,0,1.91,#N/A N/A,#N/A N/A
PNR UN,PENTAIR PLC,Industrials,Machinery,13177.37433,49440552.43,0.0003,15274.67433,4.400000095,N,40,46.916,25.594,US,82,High Risk,0,0,0,#N/A Field Not Applicable,N,Y
SWK UN,STANLEY BLACK &,Industrials,Machinery,13139.70552,49440552.43,0.0003,21000.50552,5.150000095,#N/A N/A,45.45449829,154.39,29.189,US,79,Moderate Risk,0,0,0,3.2,#N/A N/A,#N/A N/A
LNT UW,ALLIANT ENERGY,Utilities,Electric Utilities,12903.55668,49440552.43,0.0003,22538.55668,4.900000095,#N/A N/A,33.33330154,12837.121,3447.446,US,63,Moderate Risk,0,0,0,3.2,#N/A N/A,#N/A N/A
LW UN,LAMB WESTON,Consumer Staples,Food Products,12849.35696,49440552.43,0.0003,16667.85696,4.289999962,#N/A N/A,20,472.547,154.123,US,61,Moderate Risk,0,0,0,3.2,#N/A N/A,#N/A N/A
INCY UW,INCYTE CORP,Health Care,Biotechnology,12848.18916,49440552.43,0.0003,9034.896158,3.430000067,#N/A N/A,33.33330154,8.144,4.344,US,89,High Risk,0,0,0,#N/A Field Not Applicable,#N/A N/A,#N/A N/A
HST UW,HOST HOTELS & RE,Real Estate,Hotel & Resort REITs,12780.894,49440552.43,0.0003,16709.894,5.670000076,#N/A N/A,33.33330154,122.147,94.113,US,#N/A N/A,#N/A N/A,0,0,0,3.2,#N/A N/A,#N/A N/A
UDR UN,UDR INC,Real Estate,Residential REITs,12714.52968,49440552.43,0.0003,19641.96368,6.289999962,N,30,15.451,35.45,US,#N/A N/A,#N/A N/A,0,0,0,#N/A Field Not Applicable,#N/A N/A,#N/A N/A
NI UN,NISOURCE INC,Utilities,Multi-Utilities,12635.48595,49440552.43,0.0003,27364.88595,4.480000019,#N/A N/A,36.36360168,4935.943,981.692,US,89,High Risk,67.5871,0,0,1.87,#N/A N/A,#N/A N/A
DVA UN,DAVITA INC,Health Care,Health Care Providers & Servic,12525.314,49440552.43,0.0003,25721.045,3.670000076,#N/A N/A,44.44440079,64.051,7.076,US,#N/A N/A,#N/A N/A,0,0,0,1.04,Y,Y
VTRS UW,VIATRIS INC,Health Care,Pharmaceuticals,12519.95624,49440552.43,0.0003,29685.25624,3.980000019,#N/A N/A,#N/A N/A,332.142,51.739,US,80,High Risk,0,0,0,3.2,#N/A N/A,#N/A N/A
TECH UW,BIO-TECHNE CORP,Health Care,Life Sciences Tools & Services,12516.94772,49440552.43,0.0003,12866.36572,2.99000001,#N/A N/A,22.22220039,2.516,13.356,US,76,Moderate Risk,0,0,0,#N/A Field Not Applicable,#N/A N/A,#N/A N/A
PODD UW,INSULET CORP,Health Care,Health Care Equipment & Suppli,12487.34442,49440552.43,0.0003,13137.64442,5.429999828,#N/A N/A,55.55559921,1.752,3.373,US,95,High Risk,0,0,0,#N/A Field Not Applicable,#N/A N/A,#N/A N/A
KIM UN,KIMCO REALTY,Real Estate,Retail REITs,12437.4485,49440552.43,0.0003,20811.7975,5.659999847,#N/A N/A,25,3.765,27.546,US,#N/A N/A,#N/A N/A,0,0,0,3.2,#N/A N/A,#N/A N/A
MGM UN,MGM RESORTS INTE,Consumer Discretionary,"Hotels, Restaurants & Leisure",12327.6411,49440552.43,0.0002,41723.7851,6.639999866,#N/A N/A,36.36360168,238.834,50.972,US,98,High Risk,0,0,0,3.2,Y,#N/A N/A
EVRG UW,EVERGY INC,Utilities,Electric Utilities,12302.89525,49440552.43,0.0002,25894.79525,4.690000057,#N/A N/A,33.33330154,23193.123,4554.076,US,65,Moderate Risk,0,0,0,3.2,#N/A N/A,Y
AOS UN,SMITH (A.O.)CORP,Industrials,Building Products,12242.63713,49440552.43,0.0002,12085.63713,3.180000067,#N/A N/A,33.33330154,63.552,36.996,US,74,Moderate Risk,0,0,0,3.2,#N/A N/A,#N/A N/A
BEN UN,FRANKLIN RES INC,Financials,Capital Markets,12200.05729,49440552.43,0.0002,24029.55729,7.050000191,#N/A N/A,27.27269936,8.587,4.573,US,84,High Risk,0,0,0,3.2,#N/A N/A,#N/A N/A
JKHY UW,JACK HENRY,Financials,Financial Services,11954.87526,49440552.43,0.0002,12239.68626,3.269999981,#N/A N/A,33.33330154,5.113,18.331,US,98,High Risk,0,0,0,#N/A Field Not Applicable,#N/A N/A,#N/A N/A
IPG UN,INTERPUBLIC GRP,Communication Services,Media,11937.90549,49440552.43,0.0002,14721.50549,5.429999828,#N/A N/A,40,18.479,6.895,US,88,High Risk,0,0,0,3.2,Y,Y
EMN UN,EASTMAN CHEMICAL,Materials,Chemicals,11868.48146,49440552.43,0.0002,16519.48146,4.309999943,#N/A N/A,33.33330154,5645.726,767.943,US,89,High Risk,0,0,0,3.2,#N/A N/A,#N/A N/A
UHS UN,UNIVERSAL HLTH-B,Health Care,Health Care Providers & Servic,11784.89494,49440552.43,0.0002,17034.13494,1.850000024,#N/A N/A,42.85710144,151.422,37.979,US,96,High Risk,0,0,0,#N/A Field Not Applicable,#N/A N/A,Y
SJM UN,JM SMUCKER CO,Consumer Staples,Food Products,11586.93777,49440552.43,0.0002,20291.23777,4.679999828,#N/A N/A,33.33330154,249.381,53.103,US,67,Moderate Risk,0,0,0,3.2,#N/A N/A,#N/A N/A
LKQ UW,LKQ CORP,Consumer Discretionary,Distributors,11527.38444,49440552.43,0.0002,16810.38444,5.909999847,#N/A N/A,33.33330154,263.405,26.325,US,79,Moderate Risk,0,0,0,#N/A Field Not Applicable,#N/A N/A,#N/A N/A
TAP UN,MOLSON COORS-B,Consumer Staples,Beverages,11414.1401,49440552.43,0.0002,17630.4401,4.050000191,#N/A N/A,28.57139969,630.623,91.576,US,66,Moderate Risk,0,0,0,1.39,#N/A N/A,#N/A N/A
REG UW,REGENCY CENTERS,Real Estate,Retail REITs,11321.81851,49440552.43,0.0002,16137.44151,5.769999981,#N/A N/A,36.36360168,2.161,20.286,US,58,Moderate Risk,0,0,0,3.2,Y,Y
RL UN,RALPH LAUREN COR,Consumer Discretionary,"Textiles, Apparel & Luxury Goo",11261.69819,49440552.43,0.0002,12153.79819,4.619999886,#N/A N/A,#N/A N/A,11.731,12.04,US,84,High Risk,0,0,0,3.2,#N/A N/A,#N/A N/A
JNPR UN,JUNIPER NETWORKS,Information Technology,Communications Equipment,11270.58027,49440552.43,0.0002,11750.58027,4.550000191,Y,30,7.165,20.021,US,79,Moderate Risk,0,0,0,3.2,#N/A N/A,#N/A N/A
APA UW,APA CORP,Energy,"Oil, Gas & Consumable Fuels",11080.09147,49440552.43,0.0002,17442.09147,5.170000076,N,30,4329.931,582.824,US,93,High Risk,100,81.2051,0,#N/A Field Not Applicable,#N/A N/A,#N/A N/A
CRL UN,CHARLES RIVER LA,Health Care,Life Sciences Tools & Services,11032.77312,49440552.43,0.0002,13847.73712,3.480000019,#N/A N/A,27.27269936,85.922,27.23,US,97,High Risk,0,0,0,3.2,#N/A N/A,#N/A N/A
KMX UN,CARMAX INC,Consumer Discretionary,Specialty Retail,10934.23352,49440552.43,0.0002,13048.73552,3.410000086,#N/A N/A,27.27269936,92.902,6.871,US,77,Moderate Risk,0,0,0,#N/A Field Not Applicable,#N/A N/A,Y
CPT UN,CAMDEN PROP TR,Real Estate,Residential REITs,10949.68673,49440552.43,0.0002,14481.70373,4.389999866,#N/A N/A,30,19.028,58.711,US,#N/A N/A,#N/A N/A,0,0,0,#N/A Field Not Applicable,#N/A N/A,#N/A N/A
BBWI UN,BATH & BODY WORK,Consumer Discretionary,Specialty Retail,10870.12303,49440552.43,0.0002,15360.12303,4.75,#N/A N/A,46.15380096,16.107,14.34,US,77,Moderate Risk,0,0,0,3.2,#N/A N/A,#N/A N/A
ALLE UN,ALLEGION PLC,Industrials,Building Products,10651.15118,49440552.43,0.0002,12424.05118,3.220000029,#N/A N/A,40,32.314,26.6,US,83,High Risk,0,0,0,3.2,#N/A N/A,#N/A N/A
WYNN UW,WYNN RESORTS LTD,Consumer Discretionary,"Hotels, Restaurants & Leisure",10595.1792,49440552.43,0.0002,19363.4702,5.25,#N/A N/A,44.44440079,199.456,49.395,US,#N/A N/A,#N/A N/A,0,0,0,#N/A Field Not Applicable,#N/A N/A,#N/A N/A
EPAM UN,EPAM SYSTEMS INC,Information Technology,IT Services,10372.77446,49440552.43,0.0002,8500.363459,3.150000095,Y,40,0.377,2.082,US,#N/A N/A,#N/A N/A,0,0,0,3.2,#N/A N/A,#N/A N/A
SOLV UN,SOLVENTUM,Health Care,Health Care Equipment & Suppli,10328.0284,49440552.43,0.0002,17635.0284,#N/A Field Not Applicable,#N/A N/A,#N/A N/A,143.559,48.067,US,#N/A N/A,#N/A N/A,0,0,0,#N/A Field Not Applicable,#N/A N/A,#N/A N/A
CHRW UW,CH ROBINSON,Industrials,Air Freight & Logistics,10119.32639,49440552.43,0.0002,12083.36739,5.269999981,#N/A N/A,30,4.73,2.229,US,78,Moderate Risk,0,0,0,3.2,#N/A N/A,#N/A N/A
MOS UN,MOSAIC CO/THE,Materials,Chemicals,10014.59962,49440552.43,0.0002,14604.69962,6.360000134,#N/A N/A,25,3002.696,327.597,US,83,High Risk,0,0,0,2.99,#N/A N/A,Y
HII UN,HUNTINGTON INGAL,Industrials,Aerospace & Defense,10028.48986,49440552.43,0.0002,12673.48986,5.099999905,#N/A N/A,33.33330154,100.486,28.998,US,85,High Risk,0,0,0,#N/A Field Not Applicable,#N/A N/A,#N/A N/A
FFIV UW,F5 INC,Information Technology,Communications Equipment,9887.748241,49440552.43,0.0002,9244.771241,2.5,N,27.27269936,0.966,1.407,US,74,Moderate Risk,0,0,0,#N/A Field Not Applicable,Y,N
CTLT UN,CATALENT INC,Health Care,Pharmaceuticals,9861.591972,49440552.43,0.0002,14679.59197,5.679999828,#N/A N/A,#N/A N/A,76.098,41.962,US,84,High Risk,0,0,0,3.2,#N/A N/A,#N/A N/A
PAYC UN,PAYCOM SOFTWARE,Industrials,Professional Services,9803.741305,49440552.43,0.0002,9432.416305,3.329999924,N,28.57139969,0.395,0.19,US,#N/A N/A,#N/A N/A,0,0,0,#N/A Field Not Applicable,N,N
TFX UN,TELEFLEX INC,Health Care,Health Care Equipment & Suppli,9664.032646,49440552.43,0.0002,11289.50665,4.900000095,#N/A N/A,33.33330154,59.627,45.102,US,75,Moderate Risk,0,0,0,3.2,#N/A N/A,#N/A N/A
TPR UN,TAPESTRY INC,Consumer Discretionary,"Textiles, Apparel & Luxury Goo",9565.460398,49440552.43,0.0002,11417.2604,4.210000038,Y,50,8.405,7.716,US,81,High Risk,0,0,0,2.36,Y,Y
QRVO UW,QORVO INC,Information Technology,Semiconductors & Semiconductor,9418.509567,49440552.43,0.0002,10443.44257,4.900000095,#N/A N/A,#N/A N/A,159.769,82.278,US,77,Moderate Risk,0,0,0,3.2,#N/A N/A,#N/A N/A
BXP UN,BOSTON PROPERTIE,Real Estate,Office REITs,9280.035573,49440552.43,0.0002,27162.23357,6.210000038,#N/A N/A,36.36360168,16.277,9.505,US,#N/A N/A,#N/A N/A,0,0,0,3.2,#N/A N/A,#N/A N/A
HSIC UW,HENRY SCHEIN INC,Health Care,Health Care Providers & Servic,9123.629689,49440552.43,0.0002,13117.62969,3.559999943,#N/A N/A,30.76919937,52.8,6.974,US,81,High Risk,0,0,0,#N/A Field Not Applicable,#N/A N/A,#N/A N/A
GNRC UN,GENERAC HOLDINGS,Industrials,Electrical Equipment,9072.769978,49440552.43,0.0002,10396.69998,5.300000191,N,27.27269936,34.229,16.348,US,76,Moderate Risk,0,0,0,#N/A Field Not Applicable,N,N
AAL UW,AMERICAN AIRLINE,Industrials,Passenger Airlines,8963.308643,49440552.43,0.0002,40723.30864,5.550000191,#N/A N/A,25,33755.761,697.328,US,93,High Risk,0,0,0,3.2,#N/A N/A,Y
AIZ UN,ASSURANT INC,Financials,Insurance,8772.084567,49440552.43,0.0002,9571.384567,2.470000029,#N/A N/A,36.36360168,1.973,1.682,US,#N/A N/A,#N/A N/A,0,0,0,3.2,#N/A N/A,#N/A N/A
PNW UN,PINNACLE WEST,Utilities,Electric Utilities,8752.996915,49440552.43,0.0002,19359.80792,5.53000021,#N/A N/A,40,11474.525,2669.558,US,95,High Risk,0,0,0,3.2,#N/A N/A,#N/A N/A
DAY UN,DAYFORCE INC,Industrials,Professional Services,8548.155364,49440552.43,0.0002,9399.799739,5.03000021,#N/A N/A,33.33330154,0.364,0.243,US,#N/A N/A,#N/A N/A,0,0,0,3.2,#N/A N/A,#N/A N/A
HAS UW,HASBRO INC,Consumer Discretionary,Leisure Products,8543.683711,49440552.43,0.0002,11464.38371,6.920000076,N,63.63639832,4.522,2.772,US,85,High Risk,0,0,0,2.15,Y,#N/A N/A
PARA UW,PARAMOUNT GLOB-B,Communication Services,Media,8341.098262,49440552.43,0.0002,22207.09826,3.75999999,#N/A N/A,63.63639832,253.414,16.464,US,57,Moderate Risk,0,0,0,3.2,#N/A N/A,#N/A N/A
FRT UN,FED REALTY INVS,Real Estate,Retail REITs,8170.748481,49440552.43,0.0002,13063.57847,5.480000019,#N/A N/A,42.85710144,2.676,24.957,US,89,High Risk,0,0,0,3.2,#N/A N/A,#N/A N/A
BWA UN,BORGWARNER INC,Consumer Discretionary,Automobile Components,8128.108592,49440552.43,0.0002,11032.10859,5.860000134,#N/A N/A,37.5,76.367,36.678,US,78,Moderate Risk,0,0,0,3.2,#N/A N/A,#N/A N/A
BIO UN,BIO-RAD LABS-A,Health Care,Life Sciences Tools & Services,8108.638096,49440552.43,0.0002,7863.184096,2.670000076,#N/A N/A,33.33330154,18.858,14.431,US,84,High Risk,0,0,0,3.2,#N/A N/A,#N/A N/A
MKTX UW,MARKETAXESS,Financials,Capital Markets,7875.35375,49440552.43,0.0002,7450.76575,5.360000134,#N/A N/A,36.36360168,0.202,1.178,US,#N/A N/A,#N/A N/A,0,0,0,#N/A Field Not Applicable,#N/A N/A,#N/A N/A
MTCH UW,MATCH GROUP INC,Communication Services,Interactive Media & Services,7859.791182,49440552.43,0.0002,10782.96318,5.389999866,Y,50,0.991,4.235,US,84,High Risk,0,0,0,#N/A Field Not Applicable,#N/A N/A,#N/A N/A
FMC UN,FMC CORP,Materials,Chemicals,7824.813463,49440552.43,0.0002,11913.11346,7.289999962,#N/A N/A,36.36360168,77.238,38.178,US,80,High Risk,0,0,0,3.2,#N/A N/A,Y
GL UN,GLOBE LIFE INC,Financials,Insurance,7669.458378,49440552.43,0.0002,9949.433378,2.00999999,N,50,1.587,1.433,US,#N/A N/A,#N/A N/A,0,0,0,#N/A Field Not Applicable,N,N
MHK UN,MOHAWK INDS,Consumer Discretionary,Household Durables,7408.756491,49440552.43,0.0002,9813.256491,#N/A Field Not Applicable,#N/A N/A,11.1111002,1904.784,265.95,US,80,Moderate Risk,0,0,0,3.2,#N/A N/A,#N/A N/A
CZR UW,CAESARS ENTERTAI,Consumer Discretionary,"Hotels, Restaurants & Leisure",7241.263835,49440552.43,0.0001,31757.26383,6.559999943,#N/A N/A,22.22220039,259.23,81.938,US,96,High Risk,0,0,0,2.04,Y,#N/A N/A
NCLH UN,NORWEGIAN CRUISE,Consumer Discretionary,"Hotels, Restaurants & Leisure",7195.011264,49440552.43,0.0001,21062.24426,4.059999943,#N/A N/A,37.5,3573.602,452.709,US,#N/A N/A,#N/A N/A,0,0,0,#N/A Field Not Applicable,#N/A N/A,#N/A N/A
ETSY UW,ETSY INC,Consumer Discretionary,Broadline Retail,7135.225299,49440552.43,0.0001,8480.553299,4.329999924,#N/A N/A,44.44440079,0.398,0.13,US,#N/A N/A,#N/A N/A,0,0,0,3.2,#N/A N/A,#N/A N/A
IVZ UN,INVESCO LTD,Financials,Capital Markets,7006.118993,49440552.43,0.0001,20036.31899,5.679999828,#N/A N/A,36.36360168,0.67,3.238,US,98,High Risk,0,0,0,1.68,#N/A N/A,#N/A N/A
RHI UN,ROBERT HALF INC,Industrials,Professional Services,6948.637368,49440552.43,0.0001,6458.796368,6.880000114,#N/A N/A,33.33330154,3.961,1.573,US,#N/A N/A,#N/A N/A,0,0,0,3.2,#N/A N/A,#N/A N/A
CMA UN,COMERICA INC,Financials,Banks,6759.298056,49440552.43,0.0001,#N/A N/A,4.929999828,#N/A N/A,#N/A N/A,6.96,8.407,US,74,Moderate Risk,0,0,0,3.2,#N/A N/A,#N/A N/A